,index,Movie,P_Genre,S_Genre,T_Genre,Cluster_Id
0,0,ms. marvel,1,12,15,57
1,1,only murders in the building,12,1,0,5
2,2,westworld,4,13,18,17
3,3,where the crawdads sing,4,13,8,6
4,4,girl in the picture,2,1,13,59
5,5,severance,4,13,18,17
6,6,manifest,4,13,18,17
7,7,supernatural,4,9,3,12
8,8,the batman,1,1,0,3
9,9,nope,10,13,18,11
10,10,last night in soho,4,3,13,13
11,11,the sandman,4,9,3,12
12,12,ncis: naval criminal investigative service,1,1,0,3
13,13,under the banner of heaven,5,0,13,1
14,14,banshee,1,1,0,3
15,15,criminal minds,5,0,13,1
16,16,black mirror,4,13,18,17
17,17,the lincoln lawyer,5,0,13,1
18,18,orphan: first kill,5,0,3,33
19,19,law &amp; order: special victims unit,5,0,13,1
20,20,the staircase,13,1,0,72
21,21,the blacklist,5,0,13,1
22,22,"love, death &amp; robots",0,17,9,67
23,23,death on the nile,5,0,13,1
24,24,true detective,5,0,13,1
25,25,lost,3,0,10,43
26,26,sherwood,5,0,13,1
27,27,midsomer murders,5,0,13,1
28,28,yellowjackets,4,3,13,13
29,29,riverdale,5,0,13,1
30,30,capitani,5,0,13,1
31,31,evil,5,0,3,33
32,32,bones,12,1,0,5
33,33,castle,12,1,0,5
34,34,the vampire diaries,4,9,3,12
35,35,the witcher,1,12,0,0
36,36,la casa de papel,1,1,0,3
37,37,the x files,5,0,13,1
38,38,dark,5,0,13,1
39,39,blue bloods,5,0,13,1
40,40,orphan,10,13,8,4
41,41,midsommar,4,3,13,13
42,42,mcdonald &amp; dodds,12,1,13,51
43,43,the flight attendant,12,0,13,7
44,44,the 100,4,13,18,17
45,45,the mentalist,5,0,13,1
46,46,endeavour,5,0,13,1
47,47,law &amp; order,5,0,13,1
48,48,stranger things,4,9,3,12
49,145,se7en,5,0,13,1
50,194,legacies,3,0,10,43
51,243,old,4,3,13,13
52,292,ojing-eo geim,1,0,13,21
53,341,grantchester,5,0,13,1
54,390,dexter,5,0,13,1
55,439,american horror stories,4,3,13,13
56,488,prison break,1,1,0,3
57,537,sherlock,5,0,13,1
58,586,killers of the flower moon,5,0,5,10
59,635,the baby,12,3,13,36
60,684,death in paradise,12,1,0,5
61,733,the expanse,4,13,18,17
62,782,scream,10,13,8,4
63,831,harley quinn,0,7,12,15
64,880,deep water,4,13,8,6
65,929,spy x family,0,7,15,42
66,978,pretty little liars,4,13,14,2
67,1027,big sky,5,0,13,1
68,1076,blade runner 2049,1,0,13,21
69,1125,mindhunter,5,0,13,1
70,1174,csi: crime scene investigation,5,0,13,1
71,1246,outer range,4,13,8,6
72,1247,silent witness,5,0,13,1
73,1248,night sky,3,0,10,43
74,1249,true blood,4,9,13,14
75,1250,srpski film,10,13,8,4
76,1251,warehouse 13,4,13,18,17
77,1252,get out,10,13,8,4
78,1253,outer banks,1,1,0,3
79,1254,the secret of skinwalker ranch,10,13,7,4
80,1255,candy,13,1,0,72
81,1256,pieces of her,5,0,13,1
82,1257,blonde,13,0,13,7
83,1258,knives out,12,1,0,5
84,1259,perry mason,5,0,13,1
85,1260,midnight mass,4,9,3,12
86,1261,the sinner,5,0,13,1
87,1262,money heist: korea - joint economic area,1,1,0,3
88,1263,arrow,1,12,1,50
89,1264,"murder, she wrote",5,0,13,1
90,1265,hawkeye,1,12,1,50
91,1266,shining girls,5,0,13,1
92,1267,blow-up,4,13,8,6
93,1268,fringe,4,13,18,17
94,1269,psych,12,1,13,51
95,1270,justified,1,1,0,3
96,1271,chip 'n dale: rescue rangers,0,12,15,16
97,1272,first kill,4,3,13,13
98,1273,the outfit,5,0,13,1
99,1274,homeland,5,0,13,1
100,1275,enola holmes,1,12,1,50
101,1276,poirot,5,0,13,1
102,1277,columbo,5,0,13,1
103,1278,vengeance,12,13,8,48
104,1279,murdoch mysteries,5,0,13,1
105,1280,monk,12,1,0,5
106,1281,the brokenwood mysteries,5,0,13,1
107,1282,avatar: the last airbender,0,7,12,15
108,1283,station eleven,3,0,10,43
109,1284,gone girl,4,13,8,6
110,1285,the leftovers,4,9,13,14
111,1286,the good place,12,0,10,27
112,1287,apocalypse now,4,13,16,2
113,1288,person of interest,1,1,0,3
114,1289,minority report,1,1,13,73
115,1290,twin peaks,5,0,13,1
116,1291,the haunting of hill house,4,3,13,13
117,1292,hocus pocus 2,12,2,10,79
118,1293,hereditary,4,3,13,13
119,1294,paper girls,4,9,3,12
120,1295,the mortal instruments: city of bones,1,12,10,62
121,1296,leverage: redemption,5,13,8,49
122,1297,desperate housewives,12,0,13,7
123,1298,line of duty,5,0,13,1
124,1299,how to get away with murder,5,0,13,1
125,1300,shadow and bone,1,12,0,0
126,1301,the americans,5,0,13,1
127,1302,the usual suspects,5,0,13,1
128,1303,the prestige,4,13,18,17
129,1304,prisoners,5,0,13,1
130,1305,from,4,3,13,13
131,1306,csi: vegas,5,0,13,1
132,1307,the green mile,5,0,10,22
133,1308,the conjuring,10,13,8,4
134,1309,locke &amp; key,4,9,3,12
135,1310,charmed,4,9,13,14
136,1311,fbi,1,1,0,3
137,1312,big little lies,5,0,13,1
138,1313,gotham,1,1,0,3
139,1314,eyes wide shut,4,13,8,6
140,1315,the good wife,5,0,13,1
141,1316,the wilds,3,0,13,39
142,1317,pretty little liars: original sin,4,13,14,2
143,1318,scream 6,10,13,8,4
144,1319,mystery road: origin,5,0,13,1
145,1320,vera,5,0,13,1
146,1321,arrival,4,13,18,17
147,1322,mare of easttown,5,0,13,1
148,1323,the midwich cuckoos,4,3,13,13
149,1324,13 reasons why,4,13,8,6
150,1325,oldeuboi,1,0,13,21
151,1326,russian doll,12,0,13,7
152,1327,hannibal,5,0,3,33
153,1328,us,10,13,8,4
154,1329,the originals,4,9,3,12
155,1330,fear street: 1994,4,3,13,13
156,1331,in the dark,1,1,3,82
157,1332,sicario,1,1,0,3
158,1333,taboo,4,13,8,6
159,1334,the thing,10,13,18,11
160,1335,jack reacher,1,13,8,30
161,1336,the voyeurs,4,13,8,6
162,1337,the vvitch: a new-england folktale,4,9,3,12
163,1338,annihilation,3,0,3,24
164,1339,doom patrol,1,12,15,57
165,1340,watchmen,1,0,13,21
166,1341,star wars: rebels,0,7,12,15
167,1342,dexter: new blood,5,0,13,1
168,1343,divergent,1,12,13,34
169,1344,primal fear,5,0,13,1
170,1345,gravity falls,0,7,12,15
171,1346,nine perfect strangers,4,13,8,6
172,1347,resident alien,12,0,13,7
173,1348,upload,12,13,18,53
174,1349,fear street: 1978,4,3,13,13
175,1350,white collar,12,1,0,5
176,1351,make up,4,13,8,6
177,1352,grimm,5,0,10,22
178,1353,designated survivor,1,0,13,21
179,1354,elementary,5,0,13,1
180,1355,sinister,10,13,8,4
181,1356,murder on the orient express,5,0,13,1
182,1357,bad times at the el royale,5,0,13,1
183,1358,heojil kyolshim,5,0,13,1
184,1359,the cabin in the woods,10,13,8,4
185,1360,prometheus,3,13,18,93
186,1361,veronica mars,5,0,13,1
187,1362,father brown,5,0,13,1
188,1363,scooby-doo,3,15,2,56
189,1364,broadchurch,5,0,13,1
190,1365,the twilight zone,4,9,3,12
191,1366,grace,5,0,13,1
192,1367,ad astra,3,0,13,39
193,1369,american gigolo,5,0,13,1
194,1370,remington steele,1,12,15,57
195,1371,sen to chihiro no kamikakushi,0,12,2,81
196,1372,wind river,5,0,13,1
197,1373,death note: desu nôto,0,1,0,90
198,1374,promising young woman,5,0,13,1
199,1375,the fountain,4,13,14,2
200,1376,donnie darko,4,13,18,17
201,1377,harry potter and the goblet of fire,3,2,10,40
202,1378,clue,12,1,13,51
203,1379,mother!,4,3,13,13
204,1380,ncis: new orleans,1,1,0,3
205,1381,carnival row,5,0,10,22
206,1382,chilling adventures of sabrina,4,9,3,12
207,1383,burn notice,1,1,0,3
208,1384,the sixth sense,4,13,8,6
209,1385,quantum leap,1,12,0,0
210,1386,ant-man and the wasp: quantumania,1,12,15,57
211,1387,cold case,5,0,13,1
212,1388,the hateful eight,5,0,13,1
213,1389,the fugitive,1,1,0,3
214,1390,the killing,5,0,13,1
215,1391,the owl house,0,7,12,15
216,1392,rizzoli &amp; isles,5,0,13,1
217,1393,blindspot,1,1,0,3
218,1394,lost in space,3,0,2,24
219,1395,fbi: most wanted,1,1,0,3
220,1396,nypd blue,5,0,13,1
221,1397,the oa,4,9,13,14
222,1398,zootopia,0,12,15,16
223,1399,flowers in the attic,4,13,8,6
224,1400,the lighthouse,4,9,3,12
225,1401,lamb,4,9,3,12
226,1402,mind over murder,2,11,1,47
227,1403,macgyver,1,12,0,0
228,1404,harry potter and the deathly hallows: part 1,3,2,10,40
229,1405,basic instinct,4,13,8,6
230,1406,alias,1,0,13,21
231,1407,fast x,1,1,13,73
232,1408,harry potter and the chamber of secrets,3,2,10,40
233,1409,harry potter and the deathly hallows: part 2,3,9,13,97
234,1410,resurrection,5,0,3,33
235,1411,the empty man,10,13,8,4
236,1412,stay close,5,0,13,1
237,1414,the devil's advocate,4,13,8,6
238,1415,it,4,3,13,13
239,1416,mulholland dr.,4,13,8,6
240,1417,atonement,4,13,14,2
241,1418,salinui chueok,5,0,13,1
242,1419,suspiria,4,9,3,12
243,1420,sharp objects,5,0,13,1
244,1421,a simple favor,12,1,13,51
245,1422,servant,4,3,13,13
246,1423,irréversible,5,0,13,1
247,1424,leverage,5,13,8,49
248,1425,wild things,5,0,13,1
249,1426,ready or not,1,15,3,65
250,1427,psycho,10,13,8,4
251,1428,the game,4,13,8,6
252,1429,"magnum, p.i.",1,12,1,50
253,1430,the little things,5,0,13,1
254,1431,l.a. confidential,5,0,13,1
255,1432,harry potter and the prisoner of azkaban,3,2,10,40
256,1433,murder in suburbia,5,0,13,1
257,1434,trigger point,1,1,0,3
258,1435,archive 81,4,3,13,13
259,1436,chinatown,4,13,8,6
260,1437,csi: miami,1,1,0,3
261,1438,de uskyldige,4,9,3,12
262,1439,suspect,5,0,13,1
263,1440,ncis: hawai'i,1,1,13,73
264,1441,departure,4,13,8,6
265,1442,strike,5,0,13,1
266,1443,jeepers creepers: reborn,10,13,8,4
267,1444,behind her eyes,4,13,8,6
268,1445,sense8,4,13,18,17
269,1446,the woman in the house across the street from the girl in the window,12,1,0,5
270,1448,secret invasion,1,12,0,0
271,1449,american gods,4,9,13,14
272,1450,oldboy,1,0,13,21
273,1451,the haunting of bly manor,4,3,13,13
274,1452,the magicians,4,9,13,14
275,1453,zodiac,5,0,13,1
276,1454,brightburn,4,3,13,13
277,1455,lewis,5,0,13,1
278,1456,law &amp; order: criminal intent,5,0,13,1
279,1457,the night house,10,13,8,4
280,1458,the tourist,4,13,8,6
281,1459,the night of,5,0,13,1
282,1460,insidious,10,13,8,4
283,1461,without a paddle,3,15,13,66
284,1462,the closer,5,0,13,1
285,1463,it follows,10,13,8,4
286,1464,constantine,1,9,3,44
287,1465,new tricks,12,1,0,5
288,1466,high tide,5,0,4,94
289,1467,contact,4,13,18,17
290,1468,the afterparty,12,1,13,51
291,1469,batman: the animated series,0,7,12,15
292,1470,the invisible man,4,3,13,13
293,1471,revenge,4,13,8,6
294,1472,jai bhim,5,0,13,1
295,1473,the outsider,5,0,10,22
296,1474,sherlock holmes,1,12,13,34
297,1475,the girl with the dragon tattoo,5,0,13,1
298,1477,preacher,3,0,10,43
299,1478,wayward pines,4,13,18,17
300,1479,the new mutants,1,3,13,8
301,1480,10 cloverfield lane,4,3,13,13
302,1481,under the skin,4,3,13,13
303,1482,malignant,5,3,13,37
304,1483,saw,10,13,8,4
305,1484,palm springs,12,9,13,18
306,1485,agatha christie's marple,5,0,13,1
307,1486,redemption,5,0,13,1
308,1487,hot fuzz,1,15,13,58
309,1488,coco,0,12,15,16
310,1489,the maze runner,1,13,18,9
311,1490,the stranger,5,0,13,1
312,1491,csi: ny,1,1,0,3
313,1492,21 jump street,5,0,13,1
314,1493,the weekend away,5,0,13,1
315,1494,enola holmes 2,1,12,1,50
316,1495,harry potter and the order of the phoenix,1,12,2,81
317,1496,unforgotten,5,0,13,1
318,1497,oscuro deseo,4,13,8,6
319,1498,clark,1,15,1,19
320,1499,shetland,5,0,13,1
321,1500,luther,5,0,13,1
322,1501,sleeping beauty,4,13,14,2
323,1502,the rockford files,5,0,13,1
324,1503,law &amp; order: organized crime,5,0,13,1
325,1504,no exit,4,13,8,6
326,1505,major crimes,1,1,0,3
327,1506,blue velvet,5,0,13,1
328,1507,the others,10,13,8,4
329,1508,the missing,5,0,13,1
330,1509,the equalizer,1,1,0,3
331,1510,travelers,4,13,18,17
332,1511,¿quién mató a sara?,5,0,13,1
333,1512,hawaii five-o,5,0,13,1
334,1513,the killing of a sacred deer,4,3,13,13
335,1514,eight for silver,6,3,13,64
336,1515,hunters,5,0,13,1
337,1516,la brea,4,13,18,17
338,1517,dead end: paranormal park,0,12,15,16
339,1518,the poughkeepsie tapes,10,13,8,4
340,1519,harry potter and the half-blood prince,1,12,2,81
341,1520,alice in wonderland,3,2,10,40
342,1521,bron/broen,5,13,8,49
343,1522,inspector morse,5,0,13,1
344,1523,the undoing,5,0,13,1
345,1524,miami vice,1,1,0,3
346,1525,defending jacob,5,0,13,1
347,1526,vivarium,10,13,18,11
348,1527,wellington paranormal,12,1,10,79
349,1528,bates motel,4,3,13,13
350,1529,the patient,4,13,8,6
351,1530,sherlock holmes: a game of shadows,1,12,13,34
352,1531,escape room: tournament of champions,1,12,3,35
353,1532,national treasure,1,12,13,34
354,1533,the ballad of buster scruggs,12,0,17,68
355,1534,we need to talk about kevin,4,13,8,6
356,1535,mystic river,5,0,13,1
357,1536,the practice,5,0,13,1
358,1537,the conjuring: the devil made me do it,10,13,8,4
359,1538,jag,1,1,0,3
360,1539,the bourne identity,1,13,8,30
361,1540,medici,13,0,5,52
362,1541,gosford park,12,0,13,7
363,1542,now you see me,5,13,8,49
364,1543,sicario: day of the soldado,1,12,1,50
365,1544,moon,4,13,18,17
366,1545,a cure for wellness,4,9,3,12
367,1546,the lives of others,4,13,8,6
368,1547,a series of unfortunate events,3,15,0,41
369,1548,the rental,4,3,13,13
370,1549,inside man,5,0,13,1
371,1550,urban legend,10,13,8,4
372,1551,fbi: international,1,12,1,50
373,1552,the village,4,13,8,6
374,1553,mezarlik,5,0,13,1
375,1554,the visit,10,13,8,4
376,1555,spiral: from the book of saw,5,3,13,37
377,1556,11.22.63,4,5,13,55
378,1557,lupin,1,1,0,3
379,1558,friday the 13th,10,13,8,4
380,1559,echo,1,12,1,50
381,1560,reminiscence,7,14,18,60
382,1561,hit the first case,1,1,0,3
383,1562,amphibia,0,7,12,15
384,1563,alice in borderland,1,0,13,21
385,1564,clickbait,5,0,13,1
386,1565,antlers,4,3,13,13
387,1566,war of the worlds,4,13,18,17
388,1567,diagnosis murder,5,0,13,1
389,1568,escape room,1,12,3,35
390,1569,chips,5,0,13,1
391,1570,vanilla sky,6,13,14,69
392,1571,murder mystery,1,15,1,19
393,1572,ratched,5,0,5,10
394,1573,dora and the lost city of gold,1,12,15,57
395,1574,no sudden move,5,0,13,1
396,1575,la tua presenza nuda!,5,0,3,33
397,1576,made in abyss,0,7,12,15
398,1577,the firm,4,13,8,6
399,1578,dark angel,1,0,13,21
400,1579,the tragedy of macbeth,4,13,8,6
401,1580,signora volpe,5,0,13,1
402,1581,shakespeare &amp; hathaway - private investigators,12,1,0,5
403,1582,spooks,1,1,0,3
404,1583,coherence,4,13,18,17
405,1584,lie to me,5,0,13,1
406,1585,castle rock,4,9,3,12
407,1586,what happened to monday,1,1,10,32
408,1587,the gift,4,13,8,6
409,1588,twelve monkeys,7,18,8,29
410,1589,one of us is lying,5,0,13,1
411,1590,in the heat of the night,5,0,13,1
412,1591,the dollanganger saga,4,13,14,2
413,1592,cloud atlas,4,13,18,17
414,1593,holes,3,15,0,41
415,1594,the conjuring 2,10,13,8,4
416,1595,rebecca,4,13,14,2
417,1596,who framed roger rabbit,0,12,15,16
418,1597,mystery road,5,0,13,1
419,1598,enemy,4,13,8,6
420,1599,agent carter,1,12,1,50
421,1601,marrowbone,3,0,3,24
422,1602,covert affairs,1,1,0,3
423,1603,the bay,5,0,13,1
424,1604,blair witch,10,13,8,4
425,1605,brimstone,4,13,8,6
426,1606,truth be told,5,0,13,1
427,1607,monster,0,1,0,90
428,1608,super 8,1,13,18,9
429,1609,a touch of frost,5,0,13,1
430,1610,search party,12,1,0,5
431,1611,the man from earth,4,9,13,14
432,1612,foyle's war,5,0,13,1
433,1613,sleepy hollow,6,3,13,64
434,1614,the following,5,0,3,33
435,1615,teenage mutant ninja turtles,0,7,12,15
436,1616,the alienist,5,0,13,1
437,1617,fantasy island,3,0,10,43
438,1618,contratiempo,5,0,13,1
439,1619,the night manager,5,0,13,1
440,1620,no one gets out alive,4,3,13,13
441,1621,joy ride,1,13,8,30
442,1623,vertigo,7,14,8,25
443,1624,scary stories to tell in the dark,3,3,13,75
444,1625,gone baby gone,5,0,13,1
445,1626,agatha raisin,12,1,0,5
446,1627,under the dome,4,13,18,17
447,1628,alfred hitchcock presents,12,1,0,5
448,1629,devs,4,13,18,17
449,1630,without a trace,5,0,13,1
450,1631,gokseong,4,3,13,13
451,1632,hidden,5,0,13,1
452,1633,cruel summer,4,13,8,6
453,1634,the woman in the window,5,0,13,1
454,1635,the ritual,10,13,8,4
455,1636,scream queens,12,3,13,36
456,1637,a perfect getaway,4,13,8,6
457,1638,qi pao mei tan,4,13,14,2
458,1639,undercover,1,1,0,3
459,1640,the chestnut man,5,0,13,1
460,1641,under the silver lake,5,0,13,1
461,1642,ragnarok,1,0,10,32
462,1643,the boy,10,13,8,4
463,1645,mannix,1,1,0,3
464,1646,the faculty,10,13,18,11
465,1647,sahsiyet,5,0,13,1
466,1648,the witches,3,15,2,56
467,1649,sherlock holmes 3,1,12,13,34
468,1650,angel heart,10,13,8,4
469,1651,prodigal son,5,0,13,1
470,1652,lovecraft country,4,9,3,12
471,1653,the nun,10,13,8,4
472,1654,inside no. 9,12,1,0,5
473,1655,non-stop,1,13,8,30
474,1656,and then there were none,5,0,5,10
475,1657,tomorrowland,1,12,2,81
476,1658,marcella,5,0,13,1
477,1659,the girl on the train,5,0,13,1
478,1660,crimson peak,4,3,13,13
479,1661,the bourne supremacy,1,13,8,30
480,1662,unforgettable,5,0,13,1
481,1665,pokémon: detective pikachu,1,12,15,57
482,1666,men in black ii,1,12,15,57
483,1667,matlock,5,0,13,1
484,1668,annika,5,0,13,1
485,1669,cleaner,5,13,8,49
486,1670,the turning,4,3,13,13
487,1671,signs,4,13,18,17
488,1672,cube,4,3,13,13
489,1674,i think we're alone now,4,13,18,17
490,1675,"link: eat, love, kill",5,13,14,2
491,1676,puss in boots: the last wish,0,12,15,16
492,1677,surface,4,13,8,6
493,1678,martha marcy may marlene,4,13,8,6
494,1679,source code,1,0,13,21
495,1680,north by northwest,1,12,13,34
496,1681,safe,5,0,13,1
497,1682,annabelle,10,13,8,4
498,1684,the invitation,4,3,13,13
499,1685,hudson &amp; rex,5,0,13,1
500,1686,el inocente,5,0,13,1
501,1687,alone,4,3,13,13
502,1688,ghostland,4,3,13,13
503,1689,slasher,5,0,3,33
504,1690,megamind,0,7,15,42
505,1691,inferno,1,12,1,50
506,1692,harry wild,12,0,13,7
507,1693,kiss kiss bang bang,12,1,13,51
508,1694,hit,1,1,0,3
509,1695,michael clayton,5,0,13,1
510,1696,the silencing,1,1,13,73
511,1697,things heard &amp; seen,4,3,13,13
512,1698,the guest,1,13,8,30
513,1699,brand new cherry flavor,4,3,13,13
514,1700,love and death,13,1,0,72
515,1701,until dawn,10,13,8,4
516,1702,damages,5,0,13,1
517,1703,1408,6,3,13,64
518,1704,archive,4,13,18,17
519,1705,mr. mercedes,5,0,13,1
520,1706,the covenant,1,12,10,62
521,1707,freaks,4,13,18,17
522,1708,charlie's angels,1,12,1,50
523,1709,manyeo,1,13,18,9
524,1710,pâfekuto burû,0,1,0,90
525,1711,case 39,10,13,8,4
526,1712,spenser confidential,1,15,0,19
527,1713,saint maud,4,3,13,13
528,1714,boîte noire,4,13,8,6
529,1715,haunted mansion,12,0,2,28
530,1716,wynonna earp,1,0,10,32
531,1717,el secreto de sus ojos,4,13,14,2
532,1718,the bureau of magical things,4,2,10,40
533,1719,annabelle: creation,10,13,8,4
534,1720,the interpreter,5,13,8,49
535,1721,vigil,5,0,13,1
536,1722,the abyss,3,0,13,39
537,1723,roswell,4,13,18,17
538,1724,allegiant,1,12,13,34
539,1725,london fields,5,13,8,49
540,1726,the autopsy of jane doe,10,13,8,4
541,1727,captive audience,2,11,1,47
542,1728,fallen,1,1,0,3
543,1729,12 monkeys,3,0,13,39
544,1730,boss level,1,12,15,57
545,1731,"i, robot",1,13,18,9
546,1732,into the dark,4,9,3,12
547,1733,scooby-doo 2: monsters unleashed,3,15,2,56
548,1734,quantico,5,0,13,1
549,1735,the midnight club,4,3,13,13
550,1736,dark city,6,13,18,92
551,1737,dirk gently's holistic detective agency,1,12,15,57
552,1738,let me in,4,9,3,12
553,1739,tinker tailor soldier spy,4,13,8,6
554,1740,where the truth lies,5,13,8,49
555,1741,sacred games,1,1,0,3
556,1742,over the garden wall,0,17,12,23
557,1743,manhunter,5,13,8,49
558,1744,high life,3,0,3,24
559,1745,triangle,6,13,18,92
560,1746,hugo,3,0,2,24
561,1747,the mist,4,3,13,13
562,1748,in the mouth of madness,4,9,3,12
563,1749,our house,4,13,8,6
564,1750,harrow,5,0,13,1
565,1751,three days of the condor,5,13,8,49
566,1752,coroner,5,0,13,1
567,1753,unbreakable,4,13,18,17
568,1754,the deep house,4,3,13,13
569,1755,the loft,7,14,8,25
570,1756,steins;gate,0,15,0,86
571,1757,soylent green,5,13,18,92
572,1758,kol,5,3,13,37
573,1759,the conversation,4,13,8,6
574,1760,possessor,10,13,18,11
575,1761,1899,4,5,3,61
576,1762,now you see me 2,1,12,15,57
577,1763,another life,3,0,13,39
578,1764,beck,5,13,8,49
579,1765,national treasure: book of secrets,1,12,13,34
580,1766,the lucky one,4,13,14,2
581,1767,il commissario montalbano,5,0,13,1
582,1768,torchwood,1,0,13,21
583,1770,mississippi burning,5,0,5,10
584,1771,the arrival,7,18,8,29
585,1772,ófærð,5,0,13,1
586,1773,pandorum,1,3,13,8
587,1774,the society,4,13,18,17
588,1775,the hardy boys,3,0,2,24
589,1776,anastasia,0,12,0,96
590,1777,medium,5,0,10,22
591,1778,eli,4,3,13,13
592,1779,the strangers,10,13,8,4
593,1780,blue murder,5,0,13,1
594,1782,iravin nizhal,4,13,8,6
595,1783,umma,4,3,13,13
596,1784,hightown,5,0,13,1
597,1785,expedition unknown,3,13,7,78
598,1786,the exorcist,4,3,13,13
599,1787,crossing jordan,5,0,13,1
600,1788,velvet buzzsaw,10,13,8,4
601,1789,a nightmare on elm street,5,0,3,33
602,1790,the bourne ultimatum,1,13,8,30
603,1791,absentia,5,0,13,1
604,1792,deliver us from evil,1,12,1,50
605,1793,the birds,4,3,13,13
606,1794,the house,0,15,0,86
607,1795,inherent vice,12,1,0,5
608,1796,angels &amp; demons,1,13,8,30
609,1797,insomnia,4,13,8,6
610,1798,zachowaj spokój,5,0,13,1
611,1799,the pale blue eye,5,3,13,37
612,1800,the dry,5,0,13,1
613,1801,chung hing sam lam,12,1,0,5
614,1802,aftermath,4,3,13,13
615,1803,hill street blues,5,0,13,1
616,1804,london kills,5,0,13,1
617,1805,serenity,4,13,8,6
618,1806,there's someone inside your house,10,13,8,4
619,1807,the lodge,4,3,13,13
620,1808,beoning,4,13,8,6
621,1809,ouija: origin of evil,4,3,13,13
622,1810,bergerac,5,0,13,1
623,1811,yakusoku no neverland,0,7,12,15
624,1812,private eyes,12,1,0,5
625,1813,the witcher: blood origin,1,12,0,0
626,1814,the do-over,1,12,15,57
627,1815,tully,12,0,13,7
628,1816,"as above, so below",10,13,8,4
629,1817,in the shadow of the moon,5,13,18,92
630,1818,the glades,1,1,0,3
631,1819,happy death day,12,3,13,36
632,1820,hemlock grove,4,9,3,12
633,1821,dark matter,3,0,13,39
634,1822,the ghost writer,5,0,13,1
635,1823,are you afraid of the dark?,4,9,3,12
636,1824,creepshow,6,3,13,64
637,1825,my life is murder,12,1,0,5
638,1826,the 4400,4,13,18,17
639,1827,the lost symbol,1,12,0,0
640,1828,get smart,1,12,15,57
641,1829,they look like people,4,3,13,13
642,1830,brazen,5,0,13,1
643,1831,homecoming,4,13,8,6
644,1832,chapelwaite,4,3,13,13
645,1833,monstrous,10,13,8,4
646,1834,body double,5,0,13,1
647,1835,lifeforce,1,3,13,8
648,1836,m - eine stadt sucht einen mörder,5,13,8,49
649,1837,my son,5,0,13,1
650,1838,nikita,1,1,0,3
651,1839,utopia,4,13,18,17
652,1840,jacob's ladder,4,3,13,13
653,1841,all good things,5,0,13,1
654,1842,in from the cold,1,1,0,3
655,1843,dressed to kill,5,0,13,1
656,1845,kiss the girls,5,0,13,1
657,1846,the silent sea,3,0,13,39
658,1849,paranormal activity: next of kin,10,13,8,4
659,1850,conjuring kesha,3,13,7,78
660,1851,1922,5,0,3,33
661,1853,changeling,13,1,0,72
662,1854,män som hatar kvinnor,5,0,13,1
663,1855,the 'burbs,12,13,8,48
664,1856,picket fences,5,0,2,33
665,1857,i see you,5,0,3,33
666,1858,cardinal,5,0,13,1
667,1859,now and then,5,0,13,1
668,1860,"hail, caesar!",12,0,13,7
669,1861,the grudge,10,13,8,4
670,1862,body of proof,12,1,0,5
671,1863,the pelican brief,5,0,13,1
672,1864,twin peaks: fire walk with me,4,3,13,13
673,1865,mauseu,1,1,13,73
674,1866,the losers,1,12,15,57
675,1867,submission,4,13,14,2
676,1868,gräns,5,0,10,22
677,1869,the outer limits,4,9,3,12
678,1870,annabelle comes home,10,13,8,4
679,1871,skinwalker ranch,10,13,18,11
680,1872,city of lies,13,1,0,72
681,1873,horizon: forbidden west,1,12,13,34
682,1874,boku dake ga inai machi,0,0,10,71
683,1875,jonathan creek,12,1,0,5
684,1876,[rec],10,13,8,4
685,1877,the highwaymen,13,1,0,72
686,1878,double jeopardy,5,0,13,1
687,1879,sama taimu renda,0,0,13,95
688,1880,the illusionist,4,9,13,14
689,1881,color out of space,10,13,18,11
690,1882,it comes at night,4,3,13,13
691,1883,in plain sight,5,0,13,1
692,1884,happy!,1,15,1,19
693,1885,ducktales,0,7,12,15
694,1886,the wicker man,10,13,8,4
695,1887,the bad batch,1,3,13,8
696,1889,the north water,3,0,13,39
697,1890,chloe,4,13,14,2
698,1891,the avengers,1,15,1,19
699,1892,knowing,1,13,18,9
700,1893,i know what you did last summer,4,3,13,13
701,1894,the wolf of snow hollow,12,3,13,36
702,1895,the unholy,4,3,13,13
703,1896,forbrydelsen,5,0,13,1
704,1897,south of heaven,1,1,0,3
705,1898,death stranding,1,12,0,0
706,1899,witness for the prosecution,5,0,13,1
707,1900,the constant gardener,4,13,14,2
708,1901,amsterdamned,1,1,3,82
709,1902,ôdishon,4,3,13,13
710,1903,werewolves within,12,3,13,36
711,1904,homicide: life on the street,5,0,13,1
712,1905,re:zero kara hajimeru isekai seikatsu,0,12,0,96
713,1906,the endless,4,9,3,12
714,1907,the twin,4,3,13,13
715,1908,madeo,5,0,13,1
716,1909,haven,5,0,10,22
717,1910,inspector george gently,5,0,13,1
718,1911,star wars jedi: fallen order,1,12,0,0
719,1912,dollhouse,4,13,18,17
720,1913,hart to hart,1,12,1,50
721,1914,the net,1,1,0,3
722,1915,secret window,4,13,8,6
723,1916,why her,4,13,14,2
724,1917,spawn,0,7,12,15
725,1918,miss fisher's murder mysteries,5,0,5,10
726,1919,satanico pandemonium: la sexorcista,10,13,8,4
727,1920,wallander,5,0,13,1
728,1921,sanctuary,1,0,10,32
729,1922,la migliore offerta,5,0,13,1
730,1923,super troopers,12,1,13,51
731,1924,double indemnity,5,0,4,94
732,1925,hausen,4,3,13,13
733,1926,starsky and hutch,1,1,0,3
734,1927,batman unburied,3,1,10,43
735,1928,return to oz,3,2,10,40
736,1929,the guardians of justice,0,7,12,15
737,1930,the bridge,5,0,13,1
738,1931,american vandal,12,1,0,5
739,1932,dark shadows,4,9,3,12
740,1933,marianne,4,3,13,13
741,1934,star trek: the motion picture,3,13,18,93
742,1935,from hell,10,13,8,4
743,1936,charade,12,13,14,31
744,1937,year of the rabbit,12,1,13,51
745,1938,numb3rs,5,0,13,1
746,1939,la cara oculta,4,13,8,6
747,1940,don't look now,4,3,13,13
748,1941,hellraiser,10,13,8,4
749,1942,apostle,4,9,3,12
750,1943,traces,5,13,8,49
751,1944,what lies beneath,4,3,13,13
752,1945,top of the lake,5,0,13,1
753,1946,lost girl,1,0,10,32
754,1947,tell me your secrets,5,0,13,1
755,1948,leviathan,3,3,13,75
756,1949,the dark pictures: man of medan,3,3,13,75
757,1950,the six million dollar man,1,1,0,3
758,1951,the killer,1,1,0,3
759,1952,justice league,0,7,12,15
760,1953,the mysterious benedict society,1,12,15,57
761,1954,pushing daisies,12,0,10,27
762,1955,sister boniface mysteries,12,1,0,5
763,1957,a walk among the tombstones,1,1,0,3
764,1958,the adventures of tintin,0,7,12,15
765,1959,les 7 vies de léa,5,0,10,22
766,1960,glengarry glen ross,5,0,13,1
767,1961,seppuku,1,0,13,21
768,1962,rookie blue,1,1,0,3
769,1963,forever,5,0,10,22
770,1964,the rescue,2,7,13,84
771,1965,crime,5,0,13,1
772,1966,friday the 13th part 2,10,13,8,4
773,1967,buried,4,13,8,6
774,1968,taking lives,5,13,8,49
775,1970,the bone collector,5,0,13,1
776,1971,home before dark,5,0,13,1
777,1972,flower of evil,5,13,14,2
778,1973,carnivàle,4,9,13,14
779,1974,daybreak,1,12,15,57
780,1975,the night clerk,5,0,13,1
781,1976,fire in the sky,13,0,10,27
782,1977,dolores claiborne,5,0,13,1
783,1978,clarice,5,0,13,1
784,1980,detroit: become human,1,12,0,0
785,1981,to catch a thief,7,14,8,25
786,1982,dci banks,5,0,13,1
787,1983,summer of 84,4,3,13,13
788,1984,instinct,5,0,13,1
789,1986,katla,4,13,18,17
790,1987,the pink panther,3,15,1,89
791,1988,hunter,1,1,0,3
792,1989,zone blanche,5,0,3,33
793,1990,stealing beauty,4,13,14,2
794,1991,mortdecai,1,12,15,57
795,1992,basic instinct 2,4,13,8,6
796,1993,the capture,5,13,8,49
797,1994,crooked house,5,0,13,1
798,1995,alice through the looking glass,3,2,10,40
799,1996,i am mother,4,13,18,17
800,1997,miss marple: the body in the library,5,0,13,1
801,1998,the doctor blake mysteries,5,0,13,1
802,1999,the dead pool,1,1,13,73
803,2000,jiok,5,0,10,22
804,2001,bhool bhulaiyaa,12,3,13,36
805,2002,searching,4,13,8,6
806,2003,blow out,5,0,13,1
807,2004,waking the dead,5,0,13,1
808,2005,moonlighting,12,0,13,7
809,2006,frankie drake mysteries,5,0,13,1
810,2007,yoga hosers,1,15,3,65
811,2008,devious maids,12,0,13,7
812,2009,original sin,4,13,14,2
813,2010,young wallander,5,0,13,1
814,2011,"scooby doo, where are you!",0,12,15,16
815,2012,durante la tormenta,4,9,13,14
816,2013,kôkaku kidôtai,0,7,1,70
817,2014,secrets of sulphur springs,3,0,2,24
818,2015,"hush...hush, sweet charlotte",5,0,13,1
819,2016,slender man,10,13,8,4
820,2017,the curse of la llorona,10,13,8,4
821,2018,insidious: chapter 2,10,13,8,4
822,2019,the client,5,0,13,1
823,2020,copycat,4,13,8,6
824,2021,sinister 2,10,13,8,4
825,2022,highlander,1,12,10,62
826,2023,i origins,4,13,14,2
827,2024,awake,5,0,13,1
828,2025,dota: dragon's blood,0,7,12,15
829,2026,a house on the bayou,10,13,8,4
830,2027,"batman: the long halloween, part one",0,7,1,70
831,2028,the secret of nimh,0,12,0,96
832,2029,my bloody valentine,10,13,8,4
833,2030,state of play,5,0,13,1
834,2031,the box,4,13,8,6
835,2032,criminal: uk,5,0,13,1
836,2033,jericho,1,0,13,21
837,2034,the saint,1,1,0,3
838,2035,all my children,4,14,13,2
839,2036,hustle,5,0,13,1
840,2037,side effects,5,0,13,1
841,2038,quincy m.e.,5,0,13,1
842,2039,dalziel and pascoe,5,13,0,88
843,2040,untitled star trek sequel,1,12,13,34
844,2041,cruising,5,0,13,1
845,2042,high plains drifter,4,13,6,78
846,2043,in the tall grass,10,13,18,11
847,2044,first reformed,4,13,8,6
848,2045,odd thomas,12,9,3,26
849,2046,paradise hills,6,13,18,92
850,2047,murderville,12,1,13,51
851,2048,el orfanato,4,3,13,13
852,2049,unknown,1,13,8,30
853,2050,penny dreadful: city of angels,5,0,10,22
854,2051,imposters,12,1,0,5
855,2052,color of night,4,13,14,2
856,2053,holmes &amp; watson,12,1,13,51
857,2054,zoo,4,13,18,17
858,2055,disturbia,5,0,13,1
859,2056,revolver,1,1,0,3
860,2057,"dude, where's my car?",12,13,18,53
861,2058,mute,7,18,8,29
862,2059,swimming pool,5,0,13,1
863,2060,whitechapel,5,13,8,49
864,2061,the void,10,13,18,11
865,2062,mira por mí,5,0,13,1
866,2063,dorian gray,4,9,13,14
867,2064,da vinci's demons,3,11,0,47
868,2065,solaris,4,13,18,17
869,2066,ouija,10,13,8,4
870,2067,the negotiator,1,1,0,3
871,2068,backdraft,1,0,13,21
872,2069,der name der rose,4,5,13,55
873,2070,kyle xy,4,13,14,2
874,2071,black death,1,0,3,38
875,2072,infinity train,0,7,12,15
876,2073,the pretender,4,13,18,17
877,2074,the imaginarium of doctor parnassus,3,15,10,54
878,2075,child 44,5,0,5,10
879,2076,monster house,0,15,2,19
880,2077,shaft,1,15,1,19
881,2078,the commuter,1,13,8,30
882,2079,diary of a spy,4,13,14,2
883,2080,the deep,3,13,8,6
884,2081,flatliners,4,3,13,13
885,2082,sorjonen,5,0,13,1
886,2083,jigsaw,5,3,13,37
887,2084,zoolander 2,1,12,15,57
888,2085,dans la maison,4,13,8,6
889,2086,house on haunted hill,5,9,3,12
890,2087,pi,4,3,13,13
891,2088,no way out,1,1,0,3
892,2089,cbi 5,5,13,8,49
893,2090,existenz,10,13,18,11
894,2092,laura,4,4,13,55
895,2093,ma,10,13,8,4
896,2094,escape from pretoria,5,13,8,49
897,2095,money monster,5,0,13,1
898,2096,murder by death,12,1,13,51
899,2097,perry mason: the case of the notorious nun,5,0,13,1
900,2098,the signal,4,13,18,17
901,2099,all the boys love mandy lane,10,13,8,4
902,2100,di ray,5,0,13,1
903,2101,innocent,5,0,13,1
904,2102,red one,1,12,15,57
905,2103,brick,1,1,0,3
906,2104,trois couleurs: bleu,4,10,13,14
907,2105,nash bridges,1,1,0,3
908,2106,kara para ask,1,1,0,3
909,2107,national treasure 3,1,12,2,81
910,2108,devil,10,13,8,4
911,2109,brahms: the boy ii,4,3,13,13
912,2110,the i-land,3,0,13,39
913,2111,kimbiseoga wae geureolkka,12,13,14,31
914,2113,vampire academy,1,15,0,19
915,2114,dalgliesh,5,0,13,1
916,2115,night moves,5,0,13,1
917,2116,2010: the year we make contact,3,13,18,93
918,2117,the last of sheila,5,0,13,1
919,2118,papurika,0,0,10,71
920,2119,the brothers grimm,1,12,15,57
921,2120,riget,12,0,10,27
922,2121,master,4,3,13,13
923,2122,perception,5,0,13,1
924,2123,kim possible,0,7,12,15
925,2124,before i fall,4,9,13,14
926,2125,meitantei conan,0,7,15,42
927,2126,gaslight,5,0,13,1
928,2127,the rhythm section,1,0,13,21
929,2128,how it ends,1,0,13,21
930,2129,the taking,10,13,8,4
931,2130,collateral,5,0,13,1
932,2131,river,5,0,13,1
933,2132,dragnet 1967,5,0,13,1
934,2133,dead again,5,0,13,1
935,2134,girl from nowhere,5,0,10,22
936,2135,you belong to me,4,13,8,6
937,2136,frequency,5,0,13,1
938,2137,jasper jones,4,13,8,6
939,2138,a scanner darkly,0,15,1,19
940,2139,insidious: the last key,10,13,8,4
941,2140,deception,5,0,13,1
942,2141,the uninvited,4,9,3,12
943,2142,el cuerpo,1,1,0,3
944,2144,kojak,1,1,0,3
945,2145,four brothers,1,1,0,3
946,2146,once upon a time in wonderland,3,0,10,43
947,2147,the house with a clock in its walls,12,2,10,79
948,2148,goosebumps,6,3,13,64
949,2149,ultrasound,4,13,18,17
950,2150,the drowning,4,13,8,6
951,2151,scoob!,0,12,15,16
952,2152,motherless brooklyn,5,0,13,1
953,2153,cryo,7,18,8,29
954,2154,epic,0,7,12,15
955,2155,antebellum,4,3,13,13
956,2156,maigret,5,0,13,1
957,2157,the witcher: nightmare of the wolf,0,7,12,15
958,2158,beast,5,0,13,1
959,2159,the tunnel,5,0,13,1
960,2160,thelma,4,9,3,12
961,2161,clifton hill,4,13,8,6
962,2162,fortitude,4,3,13,13
963,2163,8mm,5,0,13,1
964,2164,extremely loud &amp; incredibly close,3,0,13,39
965,2165,unfriended,10,13,8,4
966,2166,lady in the water,4,9,13,14
967,2167,self/less,1,13,18,9
968,2168,untraceable,5,13,8,49
969,2169,scooby-doo! mystery incorporated,0,12,15,16
970,2170,the long call,5,0,13,1
971,2171,guillermo del toro's cabinet of curiosities,4,3,13,13
972,2172,the streets of san francisco,1,1,0,3
973,2173,a classic horror story,4,3,13,13
974,2174,life,5,0,13,1
975,2175,all the money in the world,13,1,0,72
976,2176,above the law,1,1,0,3
977,2177,channel zero,5,0,10,22
978,2178,wish you were here,4,13,8,6
979,2179,tomodachi game,0,0,13,95
980,2180,solace,5,0,13,1
981,2181,the haunting,6,3,13,64
982,2182,klute,5,13,8,49
983,2183,lost girls,5,0,13,1
984,2184,the inspector lynley mysteries,5,0,13,1
985,2185,wire in the blood,5,0,13,1
986,2186,queens of mystery,5,0,13,1
987,2187,four lives,5,0,13,1
988,2188,powder,4,9,13,14
989,2189,synchronic,5,0,3,33
990,2190,project blue book,4,13,18,17
991,2191,wiseguy,5,0,13,1
992,2192,white bird in a blizzard,4,13,8,6
993,2193,the long kiss goodnight,1,1,0,3
994,2194,the maltese falcon,5,4,13,37
995,2195,lisey's story,4,3,13,13
996,2196,nos4a2,4,9,3,12
997,2197,professor t,5,0,13,1
998,2198,insidious: chapter 3,10,13,8,4
999,2199,the big sleep,5,4,13,37
1000,2200,horse girl,4,13,8,6
1001,2201,tales of the unexpected,12,0,3,28
1002,2202,midnight in the garden of good and evil,5,0,13,1
1003,2203,the skeleton key,4,3,13,13
1004,2204,puss in boots,0,12,15,16
1005,2205,circle,4,3,13,13
1006,2206,ne le dis à personne,5,0,13,1
1007,2207,the good liar,5,0,13,1
1008,2208,batman: under the red hood,0,7,1,70
1009,2209,k-pax,4,13,18,17
1010,2210,the manchurian candidate,4,13,18,17
1011,2211,karppi,5,0,13,1
1012,2212,the third man,11,13,8,4
1013,2213,calls,0,0,3,38
1014,2214,eddie and the cruisers,4,10,13,14
1015,2215,friday the 13th: a new beginning,10,13,8,4
1016,2216,the poison rose,5,13,8,49
1017,2217,yakamoz s-245,1,12,0,0
1018,2218,horns,12,1,0,5
1019,2219,gretel &amp; hansel,6,3,13,64
1020,2220,the three-body problem,3,0,10,43
1021,2221,hit and run,1,1,0,3
1022,2222,the possession of hannah grace,10,13,8,4
1023,2224,the vanishing,4,3,13,13
1024,2225,pretty little liars: the perfectionists,5,0,13,1
1025,2226,the long goodbye,12,1,0,5
1026,2227,courage under fire,1,0,13,21
1027,2228,white lines,5,0,13,1
1028,2229,doa: dead or alive,1,12,13,34
1029,2230,the fourth kind,10,13,18,11
1030,2231,phenomena,5,3,13,37
1031,2232,"janghwa, hongryeon",4,3,13,13
1032,2233,terra nova,3,0,13,39
1033,2234,bitten,4,9,3,12
1034,2235,monsterland,4,9,3,12
1035,2236,greta,4,13,8,6
1036,2237,ripper street,5,0,13,1
1037,2238,12th man,4,13,8,6
1038,2239,sue thomas: f.b.eye,5,0,13,1
1039,2240,femme fatale,5,0,13,1
1040,2241,the crazies,3,3,13,75
1041,2242,kaboom,12,13,14,31
1042,2243,red riding hood,6,3,13,64
1043,2244,aashram,5,0,13,1
1044,2245,murder by numbers,5,13,8,49
1045,2246,underbelly,1,1,0,3
1046,2247,akira,1,0,13,21
1047,2248,the 6th day,1,13,18,9
1048,2249,the forest,10,13,8,4
1049,2250,blade runner: black lotus,0,7,0,20
1050,2252,keeping faith,4,13,8,6
1051,2253,manhunt,13,1,0,72
1052,2254,the general's daughter,5,0,13,1
1053,2255,unsane,4,3,13,13
1054,2256,breakdown,5,0,13,1
1055,2257,frantic,5,0,13,1
1056,2258,erufen rîto,0,7,0,20
1057,2259,paycheck,1,13,18,9
1058,2260,wicker park,4,13,14,2
1059,2261,the langoliers,10,13,18,11
1060,2262,seishun buta yaro wa bunny girl-senpai no yume wo minai,0,0,10,71
1061,2263,hotel del luna,1,15,0,19
1062,2264,cracker,5,0,13,1
1063,2265,dear john,4,13,14,2
1064,2266,dead silence,10,13,8,4
1065,2267,pet sematary,10,13,8,4
1066,2268,killing me softly,4,13,14,2
1067,2269,"ich seh, ich seh",10,13,8,4
1068,2270,paper towns,3,15,0,41
1069,2271,scott &amp; bailey,5,0,13,1
1070,2272,the lazarus project,4,13,8,6
1071,2273,true story,13,1,0,72
1072,2274,eagle eye,1,13,8,30
1073,2275,bimilui soop,5,0,13,1
1074,2276,the black dahlia,5,0,13,1
1075,2277,la región salvaje,4,3,13,13
1076,2278,stir of echoes,10,13,8,4
1077,2279,the number 23,5,13,8,49
1078,2280,the owners,12,1,3,28
1079,2281,the thirteenth floor,7,18,8,29
1080,2282,wes craven's new nightmare,6,3,13,64
1081,2283,inheritance,4,13,8,6
1082,2284,rope,5,0,13,1
1083,2285,wounds,4,3,13,13
1084,2286,the moth diaries,4,9,3,12
1085,2287,the unborn,10,13,8,4
1086,2288,black box,10,13,18,11
1087,2289,premonition,4,9,13,14
1088,2290,life on mars,5,0,13,1
1089,2291,the little girl who lives down the lane,4,3,13,13
1090,2292,barnaby jones,5,0,13,1
1091,2293,magnum force,1,1,13,73
1092,2294,the possession,10,13,8,4
1093,2295,the santa clause,12,0,2,28
1094,2296,baegabondeu,1,13,8,30
1095,2297,primeval,1,12,0,0
1096,2298,american gothic,5,0,13,1
1097,2299,hollywoodland,13,1,0,72
1098,2300,vienna blood,5,0,5,10
1099,2301,national treasure: edge of history,1,12,13,34
1100,2303,cosmopolis,5,0,10,22
1101,2304,tengoku to jigoku,5,0,13,1
1102,2305,taggart,5,0,13,1
1103,2306,femme fatales,5,0,13,1
1104,2307,malevolent,10,13,8,4
1105,2308,saw 3d,5,3,13,37
1106,2309,the accursed,4,3,13,13
1107,2310,deadwater fell,5,0,13,1
1108,2311,the sixth secret,12,3,13,36
1109,2312,psycho-pass,0,7,1,70
1110,2313,cannon,1,1,0,3
1111,2314,evil under the sun,5,0,13,1
1112,2315,bungou stray dogs,0,7,15,42
1113,2316,stay,4,13,8,6
1114,2318,before i go to sleep,4,13,8,6
1115,2319,the omen,4,9,3,12
1116,2320,motive,5,0,13,1
1117,2321,v/h/s/94,10,13,8,4
1118,2322,night gallery,4,9,3,12
1119,2323,bubba ho-tep,12,9,3,26
1120,2324,the haunted mansion,12,2,10,79
1121,2325,dark water,4,3,13,13
1122,2326,don't say a word,4,13,8,6
1123,2327,nightbooks,9,9,3,76
1124,2328,extrapolations,12,0,13,7
1125,2329,the clovehitch killer,5,0,13,1
1126,2330,a confession,13,1,0,72
1127,2331,gargoyles,0,7,12,15
1128,2332,the valhalla murders,5,0,13,1
1129,2333,berlin syndrome,4,3,13,13
1130,2334,flashforward,4,13,18,17
1131,2335,the luminaries,3,0,13,39
1132,2336,blue heelers,1,1,0,3
1133,2337,destroyer,1,1,0,3
1134,2338,just beyond,12,0,10,27
1135,2339,cam,4,3,13,13
1136,2340,regression,3,1,0,85
1137,2341,shutter,10,13,8,4
1138,2342,southland tales,12,0,13,7
1139,2343,witches of east end,4,9,3,12
1140,2344,kakegurui,0,0,13,95
1141,2345,silent hill: revelation,10,13,8,4
1142,2346,rashômon,5,0,13,1
1143,2347,abre los ojos,4,13,18,17
1144,2348,tiny pretty things,4,13,8,6
1145,2349,alex cross,1,1,13,73
1146,2350,mystery incorporated,5,0,13,1
1147,2351,al tercer día,4,9,3,12
1148,2352,the vast of night,4,13,18,17
1149,2353,"midnight, texas",4,9,13,14
1150,2354,saw iii,5,3,13,37
1151,2355,black mirror: bandersnatch,4,9,13,14
1152,2357,messiah,4,13,8,6
1153,2358,tatort,5,0,13,1
1154,2359,kill list,1,1,3,82
1155,2360,inland empire,4,9,13,14
1156,2361,banacek,5,0,13,1
1157,2362,rogue squadron,1,12,0,0
1158,2363,the paperboy,5,0,13,1
1159,2364,das cabinet des dr. caligari,10,13,8,4
1160,2365,flightplan,4,13,8,6
1161,2366,kolchak: the night stalker,10,13,8,4
1162,2367,the jacket,4,9,13,14
1163,2368,trois couleurs: rouge,4,13,14,2
1164,2369,untitled taika waititi star wars film,1,12,10,62
1165,2370,der pass,5,0,13,1
1166,2371,noroi,10,13,8,4
1167,2372,army of the dead: lost vegas,0,7,1,70
1168,2373,2:22,4,13,14,2
1169,2374,unfriended: dark web,10,13,8,4
1170,2375,batman beyond,0,7,12,15
1171,2376,lodge 49,12,0,13,7
1172,2377,the relic,10,13,18,11
1173,2378,in the earth,10,13,18,11
1174,2379,the glass house,5,0,13,1
1175,2380,gothika,10,13,8,4
1176,2381,the double,12,0,13,7
1177,2382,wolf,4,13,8,6
1178,2383,hamish macbeth,12,1,0,5
1179,2384,andhadhun,12,1,11,79
1180,2385,batman: arkham knight,1,12,1,50
1181,2386,the andromeda strain,7,18,8,29
1182,2387,conspiracy theory,1,13,8,30
1183,2388,cure,5,3,13,37
1184,2389,the hole,4,13,8,6
1185,2390,bloody hell,1,15,3,65
1186,2391,sneakers,12,1,0,5
1187,2392,secret in their eyes,5,0,13,1
1188,2393,marnie,5,0,13,1
1189,2394,the batman 2,1,1,0,3
1190,2395,silk stalkings,5,0,13,1
1191,2396,the curse of the were-rabbit,0,12,15,16
1192,2397,antiviral,10,13,18,11
1193,2398,guilty party,12,1,13,51
1194,2399,psych 3: this is gus,12,1,13,51
1195,2400,the five,5,0,13,1
1196,2401,gong fu yu jia,1,12,15,57
1197,2402,twixt,12,9,3,26
1198,2403,random hearts,4,13,14,2
1199,2404,we have always lived in the castle,4,13,8,6
1200,2405,24: live another day,1,1,0,3
1201,2406,the ward,10,13,8,4
1202,2407,white house farm,13,1,0,72
1203,2408,penteuhauseu,5,0,13,1
1204,2409,who am i - kein system ist sicher,5,0,13,1
1205,2410,the happytime murders,1,15,1,19
1206,2411,içerde,1,1,0,3
1207,2412,the 10th kingdom,3,15,2,56
1208,2413,the invisible pilot,2,11,1,47
1209,2414,dublin murders,5,0,13,1
1210,2415,horizon zero dawn,1,12,13,34
1211,2416,the dark pictures: little hope,10,13,8,4
1212,2417,cagney &amp; lacey,5,0,13,1
1213,2418,europa report,3,0,13,39
1214,2419,mythbusters,2,13,7,78
1215,2420,occhiali neri,10,13,8,4
1216,2421,das privileg,4,3,13,13
1217,2422,the king: youngwonui gunjoo,6,13,14,69
1218,2423,odd squad,1,12,15,57
1219,2424,fletch,12,1,13,51
1220,2425,el desorden que dejas,5,0,13,1
1221,2426,the king of pigs,5,0,13,1
1222,2427,the titan,4,13,14,2
1223,2428,the pledge,5,0,13,1
1224,2429,ratsasan,5,0,13,1
1225,2430,following,5,13,8,49
1226,2432,the coroner,12,1,0,5
1227,2433,voces,3,0,3,24
1228,2434,mystery 101,5,0,13,1
1229,2435,chicago hope,4,13,8,6
1230,2436,the adventures of sherlock holmes,5,0,13,1
1231,2437,vega$,5,0,13,1
1232,2438,daniel isn't real,5,0,10,22
1233,2439,winchester,4,9,3,12
1234,2440,the prisoner,4,13,18,17
1235,2441,night stalker: the hunt for a serial killer,2,1,13,59
1236,2442,ms fisher's modern murder mysteries,5,0,13,1
1237,2444,wiedzmin 3: dziki gon,1,12,0,0
1238,2445,the woods,5,0,13,1
1239,2446, maigret,5,0,13,1
1240,2447,the boys from brazil,4,13,18,17
1241,2448,sea fever,4,3,13,13
1242,2449,grand hotel,5,0,13,1
1243,2450,the dark pictures: house of ashes,1,12,3,35
1244,2451,murder mystery 2,1,15,1,19
1245,2452,gyeongiroun somun,1,9,3,44
1246,2453,the whole truth,5,0,13,1
1247,2454,30 monedas,4,9,3,12
1248,2455,star trek: generations,1,12,13,34
1249,2456,black christmas,10,13,8,4
1250,2458,hable con ella,4,13,14,2
1251,2459,the rite,4,3,13,13
1252,2460,mil gritos tiene la noche,10,13,8,4
1253,2461,profondo rosso,10,13,8,4
1254,2462,we have a ghost,3,15,2,56
1255,2463,valentine,10,13,8,4
1256,2464,the golden child,1,12,15,57
1257,2465,relic,4,3,13,13
1258,2466,shirley,13,0,13,7
1259,2467,csi: cyber,5,0,13,1
1260,2468,devil in a blue dress,5,0,13,1
1261,2469,and soon the darkness,4,3,13,13
1262,2470,la double vie de véronique,4,9,11,14
1263,2471,mou gaan dou,1,1,0,3
1264,2472,righteous kill,5,13,8,49
1265,2473,42 días en la oscuridad,5,0,13,1
1266,2474,the jinx: the life and deaths of robert durst,2,11,1,47
1267,2475,follow me,3,3,13,75
1268,2476,dark places,5,0,13,1
1269,2477,the people under the stairs,12,3,13,36
1270,2478,the ghost and mr. chicken,12,2,13,51
1271,2479,gone,1,12,13,34
1272,2480,dragons: race to the edge,0,7,12,15
1273,2481,the haunting in connecticut,4,3,13,13
1274,2482,the kid detective,12,0,13,7
1275,2483,mccloud,1,1,0,3
1276,2484,disturbing behavior,10,13,18,11
1277,2485,the free fall,4,3,13,13
1278,2486,the captive,5,0,13,1
1279,2487,false positive,10,13,8,4
1280,2488,loving vincent,0,11,1,50
1281,2489,the words,4,13,14,2
1282,2490,rebus,5,0,13,1
1283,2491,dare me,5,13,8,49
1284,2492,quicksand,5,0,13,1
1285,2493,law &amp; order: uk,5,0,13,1
1286,2494,blood work,1,1,0,3
1287,2495,the irregulars,5,0,10,22
1288,2496,eliza graves,4,3,13,13
1289,2497,prime suspect,5,0,13,1
1290,2498,high crimes,5,0,13,1
1291,2499,snake eyes,5,13,8,49
1292,2500,halloween iii: season of the witch,10,13,18,11
1293,2501,yeh kaali kaali ankhein,12,1,13,51
1294,2502,broken flowers,12,0,13,7
1295,2503,leyla ile mecnun,3,15,0,41
1296,2504,come play,4,3,13,13
1297,2505,birth,4,9,13,14
1298,2506,hoodwinked!,0,12,15,16
1299,2507,rose red,10,13,8,4
1300,2508,hinterland,5,0,13,1
1301,2509,arlington road,1,1,0,3
1302,2510,rosemary &amp; thyme,5,0,13,1
1303,2511,the last drive-in with joe bob briggs,12,9,3,26
1304,2513,the stepford wives,10,13,18,11
1305,2514,the falling,4,13,8,6
1306,2515,jagged edge,4,13,8,6
1307,2516,lizzie,13,1,0,72
1308,2517,scoob!: holiday haunt,0,12,15,16
1309,2518,striking distance,1,1,13,73
1310,2519,six degrees of separation,12,0,13,7
1311,2520,the last son,1,12,1,50
1312,2521,hunter hunter,4,3,13,13
1313,2522,ondine,4,13,14,2
1314,2523,the crossword mysteries,5,0,13,1
1315,2524,passion,3,0,13,39
1316,2525,lions for lambs,5,0,13,1
1317,2526,tenebre,10,13,8,4
1318,2527,exposed,5,0,13,1
1319,2528,the young indiana jones chronicles,1,12,2,81
1320,2529,parallel,4,13,18,17
1321,2530,knight rider,3,13,8,6
1322,2531,mcmillan &amp; wife,5,0,13,1
1323,2532,the cry,4,13,8,6
1324,2533,paranoid,5,0,13,1
1325,2534,un long dimanche de fiançailles,4,13,14,2
1326,2535,serial experiments lain,0,0,3,38
1327,2536,coma,4,13,8,6
1328,2537,maldivas,12,0,13,7
1329,2538,el internado,4,13,8,6
1330,2539,people of earth,12,13,18,53
1331,2540,helix,4,3,13,13
1332,2541,psycho ii,5,3,13,37
1333,2542,unsolved mysteries,2,1,13,59
1334,2543,saw vi,10,13,8,4
1335,2544,catching killers,2,1,13,59
1336,2545,the halfway house,4,9,13,14
1337,2546,whitstable pearl,5,0,13,1
1338,2547,lake mungo,4,3,13,13
1339,2550,quatermass and the pit,10,13,18,11
1340,2551,the new batman adventures,0,7,12,15
1341,2552,pera palas'ta gece yarisi,4,5,13,55
1342,2553,house of secrets: the burari deaths,2,1,5,74
1343,2554,faults,4,13,8,6
1344,2555,murder in the first,5,0,13,1
1345,2556,i am the night,5,0,13,1
1346,2557,viy,3,9,13,97
1347,2558,beastars,0,1,0,90
1348,2559,the third day,4,13,8,6
1349,2560,rosewood,5,0,13,1
1350,2561,a vigilante,5,0,13,1
1351,2562,the prophecy,1,1,0,3
1352,2563,paranorman,0,12,15,16
1353,2564,secrets and lies,5,0,13,1
1354,2565,keepers,4,13,8,6
1355,2566,the exorcist iii,4,3,13,13
1356,2567,les vampires,1,12,1,50
1357,2568,session 9,4,3,13,13
1358,2569,odwilz,5,0,13,1
1359,2570,simon &amp; simon,1,1,0,3
1360,2571,todos lo saben,5,0,13,1
1361,2572,drishyam,5,0,13,1
1362,2573,relic hunter,6,13,12,98
1363,2574,the house on sorority row,10,13,8,4
1364,2575,the mothman prophecies,4,3,13,13
1365,2576,horsemen,5,13,8,49
1366,2577,caché,4,13,8,6
1367,2578,surrealestate,4,9,13,14
1368,2579,february,10,13,8,4
1369,2580,saw iv,5,3,13,37
1370,2581,the education of fredrick fitzell,4,13,8,6
1371,2582,happy death day 2u,12,3,13,36
1372,2583,october faction,3,0,10,43
1373,2584,crossroads,4,10,13,14
1374,2585,giri/haji,5,0,13,1
1375,2586,v.c. andrews' heaven,4,3,13,13
1376,2587,the great mouse detective,0,12,2,81
1377,2588,shut in,4,3,13,13
1378,2589,resident evil village,1,12,0,0
1379,2590,chance,4,13,8,6
1380,2591,"batman: the long halloween, part two",0,7,1,70
1381,2592,the oxford murders,3,1,3,24
1382,2593,down a dark hall,4,9,3,12
1383,2594,lovejoy,12,1,0,5
1384,2595,escape plan 2: hades,1,1,13,73
1385,2596,the wonder,4,13,8,6
1386,2597,the secret garden,4,2,10,40
1387,2598,parallels,3,9,13,97
1388,2599,sphere,1,13,18,9
1389,2600,janet king,5,0,13,1
1390,2601,congo,1,12,13,34
1391,2602,abduction,1,13,8,30
1392,2604,stay alive,6,3,13,64
1393,2605,scooby-doo and guess who?,0,12,15,16
1394,2606,wilfred,12,0,13,7
1395,2607,out of time,5,0,13,1
1396,2608,profiler,5,0,13,1
1397,2609,the other lamb,4,3,13,13
1398,2610,mulholland falls,5,0,13,1
1399,2611,truth seekers,12,0,10,27
1400,2612,in the electric mist,5,0,13,1
1401,2613,the alfred hitchcock hour,5,0,3,33
1402,2614, the dollanganger saga,4,13,14,2
1403,2615,alta mar,5,0,13,1
1404,2616,kommissar rex,1,1,13,73
1405,2617,sputnik,4,3,13,13
1406,2618,trinkets,12,1,0,5
1407,2619,boxing helena,4,13,14,2
1408,2620,the widow,1,0,13,21
1409,2621,dos,4,13,8,6
1410,2622,sherlock gnomes,0,12,15,16
1411,2623,the pale horse,5,0,13,1
1412,2624,book of shadows: blair witch 2,3,9,3,12
1413,2625,death of me,10,13,8,4
1414,2626,in fabric,12,0,10,27
1415,2627,gwimul,4,13,8,6
1416,2628,somewhere between,4,13,18,17
1417,2629,the midnight meat train,10,13,8,4
1418,2630,the 39 steps,12,1,0,5
1419,2631,trance,5,0,13,1
1420,2632,the order,10,13,8,4
1421,2633,eyewitness,5,0,13,1
1422,2634,what lies below,10,13,18,11
1423,2635,nightflyers,4,3,13,13
1424,2636,true crime,5,0,13,1
1425,2637,disparu à jamais,5,0,13,1
1426,2638,five days,5,0,13,1
1427,2639,club dread,12,3,13,36
1428,2640,calvary,5,0,13,1
1429,2641,the acolyte,1,12,0,0
1430,2642,bored to death,12,1,0,5
1431,2643,the miniaturist,4,9,13,14
1432,2644,stone cold,5,0,13,1
1433,2645,basic,1,1,0,3
1434,2646,i am all girls,5,0,13,1
1435,2647,w lesie dzis nie zasnie nikt,6,3,13,64
1436,2648,gran hotel,5,0,13,1
1437,2649,the x files: i want to believe,5,0,3,33
1438,2650,diabolik,1,1,13,73
1439,2651,troglodyte,1,12,15,57
1440,2652,portrait of jennie,4,9,13,14
1441,2653,the abc murders,5,0,13,1
1442,2654,ordeal by innocence,5,0,13,1
1443,2655,wonderland,5,0,13,1
1444,2656,gerry,3,0,13,39
1445,2657,mortal,1,12,0,0
1446,2658,hot tub time machine 2,12,13,18,53
1447,2659,millennium,5,0,3,33
1448,2660,the first 48,5,13,7,49
1449,2661,good behavior,5,0,13,1
1450,2662,books of blood,4,3,13,13
1451,2663,zeroville,12,0,13,7
1452,2664,perfect stranger,5,13,8,49
1453,2665,the head,4,13,8,6
1454,2666,chen qing ling,1,12,0,0
1455,2667,rugrats,0,17,12,23
1456,2668,omoide no mânî,0,0,2,38
1457,2669,rising sun,1,1,0,3
1458,2670,the pact,4,13,8,6
1459,2671,the innkeepers,4,3,13,13
1460,2672,los cronocrímenes,7,18,8,29
1461,2673,the boy behind the door,10,13,8,4
1462,2674,turistas,10,13,8,4
1463,2675,salem's lot,4,3,13,13
1464,2676,legend of the guardians: the owls of ga'hoole,0,7,12,15
1465,2677,dagon,6,3,13,64
1466,2678,bloom,4,13,18,17
1467,2679,sea of love,5,0,13,1
1468,2680,shark,5,0,13,1
1469,2681,rush,5,0,13,1
1470,2682,kuroshitsuji,0,7,15,42
1471,2683,batman: death in the family,0,7,1,70
1472,2684,criminal minds: beyond borders,1,12,1,50
1473,2685,malibu express,12,1,13,51
1474,2686,1-800-missing,5,0,13,1
1475,2687,here before,4,13,8,6
1476,2688,winter's tale,4,9,13,14
1477,2689,possum,4,3,13,13
1478,2690,the haves and the have nots,5,0,13,1
1479,2691,maniac cop,1,1,3,82
1480,2692,the keepers,2,1,13,59
1481,2693,amazing stories,1,12,0,0
1482,2694,paranormal,4,9,3,12
1483,2695,the lovebirds,1,15,1,19
1484,2696,muppets most wanted,3,15,1,89
1485,2697,hypnotic,1,13,8,30
1486,2698,the feast,4,3,13,13
1487,2699,house of anubis,3,0,2,24
1488,2700,ironside,5,0,13,1
1489,2701,ashes to ashes,5,0,10,22
1490,2702,aranyak,5,0,13,1
1491,2703,ghajini,1,0,13,21
1492,2704,bubble guppies,0,17,12,23
1493,2705,red lights,4,9,13,14
1494,2706,switchback,5,13,8,49
1495,2707,88 minutes,5,0,13,1
1496,2708,wrecked,1,12,15,57
1497,2709,cold creek manor,4,13,8,6
1498,2710,the mystery of d.b. cooper,2,1,5,74
1499,2711,the awakening,4,3,13,13
1500,2712,the watcher,5,0,13,1
1501,2713,ghosted,12,1,3,28
1502,2714,brokedown palace,4,13,8,6
1503,2715,while we're young,12,0,13,7
1504,2716,hpi: haut potentiel intellectuel,12,1,13,51
1505,2717,harper's island,4,3,13,13
1506,2718,high-rise invasion,0,7,3,44
1507,2719,kairo,10,13,18,11
1508,2720,"batman: the dark knight returns, part 1",0,7,1,70
1509,2721,the dead zone,4,9,13,14
1510,2722,i corpi presentano tracce di violenza carnale,10,13,8,4
1511,2723,no offence,12,1,0,5
1512,2724,the lost room,1,9,13,77
1513,2725,das weiße band - eine deutsche kindergeschichte,4,13,8,6
1514,2726,limetown,5,13,18,92
1515,2727,narc,5,0,13,1
1516,2729,taken,4,13,18,17
1517,2730,spartan,1,1,0,3
1518,2731,behzat ç.: bir ankara polisiyesi,5,0,13,1
1519,2732,dive club,3,0,2,24
1520,2733,castle freak,4,3,13,13
1521,2734,nou fo,1,12,1,50
1522,2735,in a lonely place,4,4,13,55
1523,2736,hilda,0,12,15,16
1524,2738,jinxed at first,12,9,13,18
1525,2739,the dyatlov pass incident,10,13,8,4
1526,2740,hangman,5,0,13,1
1527,2741,prom night,10,13,8,4
1528,2742,bancroft,5,0,13,1
1529,2743,saw v,5,3,13,37
1530,2744,darkness falls,6,3,13,64
1531,2745,showtrial,5,0,13,1
1532,2746,after.life,4,13,8,6
1533,2747,chase in the dark,5,13,8,49
1534,2748,making spirits bright,4,9,13,14
1535,2749,the lazarus effect,10,13,18,11
1536,2750,the art of self-defense,1,15,1,19
1537,2751,friday the 13th: the series,6,3,13,64
1538,2752,god told me to,5,3,18,45
1539,2753,the two jakes,5,0,13,1
1540,2754,pine gap,4,13,8,6
1541,2755,the bletchley circle,5,0,5,10
1542,2756,await further instructions,10,13,18,11
1543,2757,tokyo ghoul: re,0,7,0,20
1544,2758,midnight special,4,13,18,17
1545,2759,the hole in the ground,4,3,13,13
1546,2760,the last man,1,0,13,21
1547,2761,batman: mask of the phantasm,0,7,12,15
1548,2762,instant karma,12,0,10,27
1549,2763,gothic,4,9,3,12
1550,2764,my cousin rachel,4,13,14,2
1551,2765,don't let go,4,3,13,13
1552,2766,resident evil 7: biohazard,1,3,13,8
1553,2767,anazâ,0,0,3,38
1554,2768,the passage,1,12,0,0
1555,2769,requiem,4,9,13,14
1556,2770,detective vs sleuths,1,1,13,73
1557,2771,baretta,5,0,13,1
1558,2772,bad day at black rock,5,0,13,1
1559,2773,nancy drew,12,1,2,28
1560,2774,el internado: las cumbres,4,13,8,6
1561,2775,room 104,12,0,10,27
1562,2776,the best sex ever,3,0,10,43
1563,2777,dead asleep,2,11,1,47
1564,2778,super troopers 2,12,1,13,51
1565,2779,psych: the movie,12,1,13,51
1566,2780,l.a. noire,1,1,0,3
1567,2782,totally spies!,0,7,12,15
1568,2783,thunderheart,5,13,8,49
1569,2784,the zero theorem,12,0,10,27
1570,2785,angie tribeca,1,15,1,19
1571,2786,rings,4,3,13,13
1572,2787,young sherlock holmes,3,9,13,97
1573,2788,efterforskningen,5,0,13,1
1574,2789,spider,4,13,8,6
1575,2790,offseason,4,9,3,12
1576,2791,batman: hush,0,7,12,15
1577,2792,anna,4,13,18,17
1578,2793,flesh and bone,4,13,14,2
1579,2795,appointment with death,5,0,13,1
1580,2796,uncharted: drake's fortune,1,12,10,62
1581,2797,city homicide,5,0,13,1
1582,2798,cypher,1,1,0,3
1583,2801,the quarry,5,13,8,49
1584,2802,l'uccello dalle piume di cristallo,10,13,8,4
1585,2803,loving pablo,13,1,0,72
1586,2804,don matteo,12,1,0,5
1587,2805,sky captain and the world of tomorrow,1,12,13,34
1588,2806,the presidio,1,1,13,73
1589,2807,the forgotten,4,13,18,17
1590,2808,flickan som lekte med elden,1,1,0,3
1591,2809,a haunting,2,3,13,8
1592,2810,puppy dog pals,0,17,12,23
1593,2812,something wicked this way comes,6,13,8,49
1594,2813,the cleaner,1,1,0,3
1595,2814,engrenages,5,0,13,1
1596,2815,cloak &amp; dagger,1,12,1,50
1597,2816,dc showcase: constantine - the house of mystery,0,9,3,44
1598,2817,no man of god,13,1,0,72
1599,2818,days gone,1,12,3,35
1600,2819,risen,1,0,5,46
1601,2820,the righteous,4,3,13,13
1602,2821,scooby-doo on zombie island,0,12,15,16
1603,2822,parkland,4,5,13,55
1604,2823,malice,5,13,8,49
1605,2824,stormbreaker,1,12,2,81
1606,2825,the fix,5,0,13,1
1607,2826,frogs,10,13,18,11
1608,2827,mystery science theater 3000: the return,12,0,3,28
1609,2828,ghost in the shell sac_2045,0,7,1,70
1610,2829,the last exorcism,10,13,8,4
1611,2830,woodland grey,10,13,8,4
1612,2831,death parade,0,0,13,95
1613,2832,tru calling,4,9,13,14
1614,2833,bacurau,3,3,13,75
1615,2834,hellraiser: inferno,5,3,13,37
1616,2835,sijipeuseu: the myth,1,0,10,32
1617,2836,carmen sandiego,0,7,12,15
1618,2837,suicide kings,12,1,0,5
1619,2838,the wonderful world of mickey mouse,0,17,12,23
1620,2839,diabolique,4,3,13,13
1621,2840,murder at 1600,1,1,0,3
1622,2841,hap and leonard,5,0,13,1
1623,2842,miss fisher and the crypt of tears,3,0,13,39
1624,2844,earthquake bird,5,0,13,1
1625,2845,s. darko,4,13,18,17
1626,2846,return to house on haunted hill,5,9,3,12
1627,2847,death comes to pemberley,4,13,14,2
1628,2848,the gloaming,5,0,3,33
1629,2849,the town that dreaded sundown,10,13,8,4
1630,2850,emergence,4,13,18,17
1631,2851,dead end,3,3,13,75
1632,2852,night train to lisbon,7,14,8,25
1633,2853,samantha who?,12,13,14,31
1634,2854,psych 2: lassie come home,12,1,13,51
1635,2855,twilight,5,0,13,1
1636,2856,howl,1,9,3,44
1637,2857,el marginal,5,0,13,1
1638,2858,a kiss before dying,5,4,13,37
1639,2859,resident evil: vendetta,0,7,12,15
1640,2861,dream house,4,13,8,6
1641,2862,green eggs and ham,0,12,15,16
1642,2863,tales of the city,4,13,14,2
1643,2864,cyber vaar,5,13,8,49
1644,2865,strange angel,13,0,5,52
1645,2866,24: legacy,1,1,0,3
1646,2867,exorcist: the beginning,10,13,8,4
1647,2868,spellbound,11,13,14,31
1648,2869,time trap,1,12,13,34
1649,2870,blue my mind,4,9,3,12
1650,2871,leah remini: scientology and the aftermath,2,5,13,84
1651,2874,free rein,1,12,15,57
1652,2875,intruders,6,13,8,49
1653,2876,escape to witch mountain,3,2,10,40
1654,2877,out of blue,5,0,13,1
1655,2878,little dorrit,4,13,14,2
1656,2879,ringer,5,0,13,1
1657,2880,mayday,4,9,13,14
1658,2881,rubicon,5,0,13,1
1659,2882,csi: immortality,5,0,13,1
1660,2883,batman: arkham city,1,12,1,50
1661,2884,the adventures of ford fairlane,1,12,15,57
1662,2885,play motel,5,3,13,37
1663,2886,earth: final conflict,1,0,13,21
1664,2887,thirteen,5,0,13,1
1665,2888,euphoria,3,0,13,39
1666,2889,badla,5,0,13,1
1667,2890,folk med ångest,12,1,0,5
1668,2891,alma,4,3,13,13
1669,2892,3 women,4,13,8,6
1670,2893,twin peaks: the missing pieces,4,3,13,13
1671,2894,gleaming the cube,1,0,13,21
1672,2895,the long good friday,5,0,13,1
1673,2896,foul play,12,13,8,48
1674,2897,les petits meurtres d'agatha christie,12,1,0,5
1675,2898,the international,1,1,0,3
1676,2899,the bye bye man,4,9,3,12
1677,2900,miss marple: 4.50 from paddington,5,0,13,1
1678,2901,area 51,10,13,18,11
1679,2902,ripley's game,5,0,13,1
1680,2903,lady in white,6,3,13,64
1681,2904,the raven,5,13,8,49
1682,2905,cry wolf,4,3,13,13
1683,2906,the river murders,5,13,8,49
1684,2907,sesame street,3,15,1,89
1685,2908,les diaboliques,5,0,3,33
1686,2909,the pink panther 2,1,12,15,57
1687,2910,supernatural: the animation,0,0,10,71
1688,2911,kill the messenger,13,1,0,72
1689,2912,the prodigy,6,3,13,64
1690,2913,mushishi,0,0,10,71
1691,2914,ergo proxy,0,7,12,15
1692,2915,the picture of dorian gray,4,9,3,12
1693,2916,boon,1,1,0,3
1694,2917,blindness,4,13,8,6
1695,2918,joyride,12,1,0,5
1696,2919,the sea of trees,4,9,13,14
1697,2920,honeymoon,4,9,3,12
1698,2921,der amerikanische freund,5,0,13,1
1699,2922,project almanac,4,13,18,17
1700,2923,polaroid,4,3,13,13
1701,2924,suspicion,11,13,8,4
1702,2925,touch,4,9,13,14
1703,2926,just cause,1,1,0,3
1704,2927,mona lisa and the blood moon,6,13,8,49
1705,2928,11:14,12,1,0,5
1706,2929,consenting adults,5,0,13,1
1707,2930,chambers,4,9,3,12
1708,2931,spinning man,4,13,8,6
1709,2933,zankyô no teroru,0,1,0,90
1710,2934,chronicle mysteries,5,0,13,1
1711,2935,the f.b.i.,5,0,13,1
1712,2936,the fame game,4,13,8,6
1713,2937,the wind,10,13,8,4
1714,2938,la nuit du 12,5,0,13,1
1715,2939,universal soldier: day of reckoning,1,3,13,8
1716,2940,metal gear solid v: the phantom pain,1,12,0,0
1717,2941,the mercy,3,11,0,47
1718,2942,the resident,5,0,3,33
1719,2943,theodosia,3,2,10,40
1720,2944,passengers,7,14,8,25
1721,2945,peccati di gioventù,4,13,8,6
1722,2946,mike tyson mysteries,0,12,15,16
1723,2947,debris,4,13,18,17
1724,2948,the watcher in the woods,9,3,13,83
1725,2949,i know who killed me,10,13,8,4
1726,2950,dragnet,5,0,13,1
1727,2951,the tale,13,0,13,7
1728,2952,i.t.,5,0,13,1
1729,2953,the intruders,4,3,13,13
1730,2954,l'appartement,4,13,14,2
1731,2955,la fille de nulle part,4,3,13,13
1732,2956,radius,4,3,13,13
1733,2957,koma,1,12,10,62
1734,2959,kaikki synnit,5,0,13,1
1735,2960,burnt offerings,10,13,8,4
1736,2961,teströl és lélekröl,4,9,13,14
1737,2962,this island earth,10,13,18,11
1738,2963,girl on the third floor,4,3,13,13
1739,2964,wycliffe,5,0,13,1
1740,2965,below,1,3,13,8
1741,2966,creeped out,1,12,1,50
1742,2967,reversal of fortune,13,0,13,7
1743,2968,silent house,4,3,13,13
1744,2969,impetigore,10,13,8,4
1745,2970,the dresden files,5,0,10,22
1746,2972,sommersby,4,13,14,2
1747,2973,the postman always rings twice,5,0,4,94
1748,2975,alcatraz,1,1,0,3
1749,2976,lo squartatore di new york,10,13,8,4
1750,2977,toki o kakeru shôjo,0,12,15,16
1751,2978,the boat,10,13,8,4
1752,2979,my soul to take,10,13,8,4
1753,2980,a dark song,4,9,3,12
1754,2981,vanitas no carte,0,9,3,44
1755,2982,last resort,1,0,13,21
1756,2983,cadfael,5,0,13,1
1757,2984,sidney hall,4,13,14,2
1758,2985,le sommet des dieux,0,12,0,96
1759,2986,lore,2,3,13,8
1760,2987,closed circuit,5,0,13,1
1761,2988,high anxiety,12,13,8,48
1762,2989,broadcast signal intrusion,5,0,3,33
1763,2990,lord of illusions,10,13,8,4
1764,2991,d'après une histoire vraie,4,13,8,6
1765,2992,article 15,5,0,13,1
1766,2993,beyond belief: fact or fiction,7,6,10,63
1767,2994,transsiberian,5,0,13,1
1768,2995,the prowler,10,13,8,4
1769,2996,three identical strangers,2,11,0,47
1770,2997,the truth about the harry quebert affair,5,0,13,1
1771,2999,mrs wilson,13,0,13,7
1772,3000,dig deeper - das verschwinden von birgit meier,2,11,1,47
1773,3001,the actor,5,0,13,1
1774,3002,stan against evil,12,9,3,26
1775,3003,crime story,5,0,13,1
1776,3004,angel of mine,4,13,8,6
1777,3005,ruth rendell mysteries,5,0,13,1
1778,3006,one step beyond,4,9,3,12
1779,3007,môsô dairinin,0,0,3,38
1780,3008,spiral,4,3,13,13
1781,3009,open windows,5,13,8,49
1782,3010,ingobernable,5,0,13,1
1783,3011,immanence,10,13,8,4
1784,3012,the name of the rose,4,5,13,55
1785,3013,blow the man down,12,1,0,5
1786,3014,women's murder club,5,0,13,1
1787,3015,scooby-doo! the mystery begins,3,15,2,56
1788,3016,les revenants,4,9,3,12
1789,3017,last night in soho: deleted scenes,8,0,3,80
1790,3018,scoop,12,1,10,79
1791,3019,riaru onigokko,1,0,10,32
1792,3020,rebecka martinsson,5,0,13,1
1793,3022,the commish,12,1,0,5
1794,3023,closet monster,4,9,13,14
1795,3024,"signed, sealed, delivered",12,0,13,7
1796,3025,the tall man,5,0,3,33
1797,3026,misconduct,5,0,13,1
1798,3027,les rivières pourpres,5,13,8,49
1799,3028,the return of the pink panther,12,1,13,51
1800,3029,creep,10,13,8,4
1801,3030,asur: welcome to your dark side,5,0,13,1
1802,3031,lone star,4,13,6,78
1803,3032,matt houston,5,0,13,1
1804,3033,apollo 18,10,13,18,11
1805,3034,the power,4,9,3,12
1806,3035,kitz,4,13,8,6
1807,3036,picnic at hanging rock,4,13,14,2
1808,3037,bad and crazy,1,15,1,19
1809,3038,boogeyman,4,3,13,13
1810,3039,the imperfects,3,0,10,43
1811,3040,an american haunting,4,3,13,13
1812,3041,lost river,4,9,13,14
1813,3042,undine,4,9,13,14
1814,3043,vanishing on 7th street,10,13,8,4
1815,3044,le sentiment de la chair,4,13,14,2
1816,3045,"suddenly, last summer",4,13,8,6
1817,3046,the shadow,1,12,1,50
1818,3047,"eerie, indiana",3,15,0,41
1819,3048,road to avonlea,3,0,13,39
1820,3049,dr. brain,4,13,18,17
1821,3050,the salton sea,5,0,13,1
1822,3051,night warning,10,13,8,4
1823,3052,l'avventura,4,13,14,2
1824,3053,ravenswood,4,3,13,13
1825,3054,the murder of nicole brown simpson,5,3,13,37
1826,3055,little boy blue,5,0,13,1
1827,3056,uncharted 2: among thieves,1,12,10,62
1828,3057,plain clothes,12,13,14,31
1829,3058,foodfight!,0,7,12,15
1830,3059,innan vi dör,4,13,8,6
1831,3060,mildred pierce,5,0,4,94
1832,3061,"bom dia, verônica",5,0,13,1
1833,3062,daphne &amp; velma,1,15,1,19
1834,3063,beyond: two souls,1,12,0,0
1835,3064,demonic,10,13,8,4
1836,3065,when a stranger calls,10,13,8,4
1837,3066,pinocchio,4,13,14,2
1838,3067,la tutora,4,9,13,14
1839,3068,angmapansa,5,0,13,1
1840,3069,kiss me deadly,5,4,13,37
1841,3070,light as a feather,4,9,3,12
1842,3071,rush hour,1,15,1,19
1843,3072,the vigil,10,13,8,4
1844,3073,space: above and beyond,1,12,0,0
1845,3074,population 436,4,3,13,13
1846,3075,yuukoku no moriarty,0,1,5,46
1847,3076,too close,5,0,13,1
1848,3077,post mortem,10,13,8,4
1849,3078,control,1,12,3,35
1850,3079,clockers,5,0,13,1
1851,3080,peter gunn,1,1,0,3
1852,3081,arabella l'angelo nero,4,13,14,2
1853,3083,friend request,10,13,8,4
1854,3084,paraíso,3,0,13,39
1855,3085,i'll always know what you did last summer,10,13,8,4
1856,3086,wild things 2,5,0,13,1
1857,3087,the last detective,12,1,0,5
1858,3088,bliss,4,3,13,13
1859,3089,le foto di gioia,10,13,8,4
1860,3090,jennifer eight,5,0,13,1
1861,3091,taineun jiokida,5,3,13,37
1862,3092,the ray bradbury theater,4,9,3,12
1863,3093,the nun 2,10,13,8,4
1864,3094,untitled adventures of tintin sequel,0,7,12,15
1865,3096,because the night,4,13,8,6
1866,3097,the hunger,4,9,3,12
1867,3098,kureimoa,0,7,12,15
1868,3099,shadows house,0,9,13,77
1869,3101,raanbaazaar,4,13,8,6
1870,3102,the hitchhiker,4,3,13,13
1871,3103,shimmer lake,1,1,0,3
1872,3104,halo: nightfall,1,12,13,34
1873,3105,communion,5,0,3,33
1874,3106,the beach house,4,3,13,13
1875,3107,inspector gadget,0,7,12,15
1876,3108,up!,12,13,8,48
1877,3109,in the valley of elah,5,0,13,1
1878,3110,mahô shôjo madoka magika: puella magi madoka magica,0,0,10,71
1879,3111,loft,5,0,13,1
1880,3112,blade: the series,1,0,10,32
1881,3113,the car,1,3,13,8
1882,3114,bushwhacked,3,15,1,89
1883,3115,dragonfly,4,9,13,14
1884,3116,the pyramid,10,13,8,4
1885,3117,afflicted,1,12,3,35
1886,3118,mara,5,3,13,37
1887,3119,steins;gate 0,0,0,13,95
1888,3120,terriers,12,1,0,5
1889,3121,terror train,10,13,8,4
1890,3122,blood,5,0,13,1
1891,3123,another 48 hrs.,1,15,1,19
1892,3124,"cube: ichido haittara, saigo",10,13,18,11
1893,3126,"what's new, scooby-doo?",0,12,15,16
1894,3127,the a list,5,0,13,1
1895,3128,black widow,4,4,13,55
1896,3129,schwarze insel,4,13,8,6
1897,3130,l'uomo del labirinto,5,0,3,33
1898,3131,criminal minds: suspect behavior,1,12,1,50
1899,3132,ecologia del delitto,10,13,8,4
1900,3133,kept woman,4,13,8,6
1901,3134,r.l. stine's the haunting hour,1,12,15,57
1902,3135,journal 64,5,13,8,49
1903,3136,wish upon,4,9,3,12
1904,3137,the messengers,4,3,13,13
1905,3138,satan's slaves,4,3,13,13
1906,3139,kvinden i buret,5,0,13,1
1907,3140,el páramo,4,3,13,13
1908,3142,the pit and the pendulum,4,3,13,13
1909,3143,my sweet audrina,4,13,8,6
1910,3144,made in abyss: fukaki tamashî no reimei,0,12,0,96
1911,3145,çember,1,12,1,50
1912,3146,wild bill,12,1,0,5
1913,3147,gossip,4,13,8,6
1914,3148,alleyn mysteries,5,0,13,1
1915,3149,the dark side of the moon,1,3,13,8
1916,3150,heavy rain,5,0,13,1
1917,3151,rejseholdet,1,1,0,3
1918,3152,dawn breaks behind the eyes,1,3,13,8
1919,3153,det som göms i snö,5,0,13,1
1920,3154,the blue elephant,4,3,13,13
1921,3155,cocoon: the return,3,15,13,66
1922,3156,tenshi no tamago,0,0,10,71
1923,3157,robert,4,3,13,13
1924,3158,kavanagh qc,5,0,13,1
1925,3159,ghost wars,4,9,3,12
1926,3160,generator rex,0,7,12,15
1927,3161,law school,5,0,13,1
1928,3162,chernobyl diaries,10,13,8,4
1929,3163,gorky park,5,0,13,1
1930,3164,rendezvous with rama,3,13,18,93
1931,3165,vampire in the garden,0,7,12,15
1932,3166,two sentence horror stories,4,3,13,13
1933,3167,down,1,3,13,8
1934,3168,lapsis,4,13,18,17
1935,3169,witches in the woods,10,13,8,4
1936,3170,one of us,4,13,8,6
1937,3171,melancholie der engel,4,9,3,12
1938,3172,the toolbox murders,10,13,8,4
1939,3173,mo dao zu shi,0,7,12,15
1940,3174,wild things: diamonds in the rough,5,0,13,1
1941,3175,hailey dean mystery,5,0,13,1
1942,3176,touching evil,5,0,13,1
1943,3177,tiempo de valientes,1,15,1,19
1944,3178,mystère à saint-tropez,12,1,13,51
1945,3179,"batman: the dark knight returns, part 2",0,7,1,70
1946,3180,forensic,5,13,8,49
1947,3181,stage fright,11,13,8,4
1948,3182,revenge of the pink panther,12,1,13,51
1949,3183,nightmare cinema,4,3,13,13
1950,3184,666 park avenue,4,9,3,12
1951,3185,drowning mona,12,1,13,51
1952,3186,i'll be gone in the dark,2,1,13,59
1953,3187,flower shop mysteries,5,0,13,1
1954,3188,lakeside murders,5,0,13,1
1955,3189,chosen,4,13,18,17
1956,3190,spenser: for hire,5,0,13,1
1957,3191,truth or dare,10,13,8,4
1958,3192,the heart of justice,5,0,13,1
1959,3193,crime scene: the vanishing at the cecil hotel,2,1,13,59
1960,3194,hyouka,0,15,0,86
1961,3195,happy birthday to me,10,13,8,4
1962,3196,law &amp; order: los angeles,5,0,13,1
1963,3197,the great muppet caper,3,15,1,89
1964,3198,cidade invisível,5,0,10,22
1965,3199,electra glide in blue,5,0,13,1
1966,3200,the killers,5,0,4,94
1967,3201,rudra: the edge of darkness,5,0,13,1
1968,3202,take two,12,1,0,5
1969,3203,the loch,5,0,13,1
1970,3204,piercing,10,13,8,4
1971,3205,boiseu,1,1,13,73
1972,3206,no escape room,10,13,8,4
1973,3207,scooby-doo! curse of the lake monster,0,12,15,16
1974,3210,equinox,4,9,13,14
1975,3211,halfworlds,6,3,13,64
1976,3212,shattered,5,0,13,1
1977,3213,so weird,3,2,13,75
1978,3214,psycho beach party,12,3,13,36
1979,3215,death and the maiden,4,13,8,6
1980,3216,water rats,1,1,0,3
1981,3217,tesis,5,3,13,37
1982,3218,the cheap detective,12,1,13,51
1983,3219,fateful findings,4,9,13,14
1984,3220,come to daddy,12,13,8,48
1985,3221,the return of sherlock holmes,5,0,13,1
1986,3222,the limehouse golem,5,13,8,49
1987,3223,resolution,4,3,13,13
1988,3224,first wave,3,0,13,39
1989,3225,chehre,4,13,8,6
1990,3226,talvar,5,0,13,1
1991,3227,enigma,4,13,14,2
1992,3228,evaru,5,0,13,1
1993,3229,mænd &amp; høns,12,0,13,7
1994,3230,24,1,12,1,50
1995,3231,eye of the beholder,4,13,8,6
1996,3232,la jauría,5,0,13,1
1997,3233,tell me who i am,2,0,13,21
1998,3234,thursday,1,15,1,19
1999,3235,extraterrestrial,1,3,13,8
2000,3236,tarzan,1,12,0,0
2001,3237,fasandræberne,5,0,13,1
2002,3238,dorm daze,12,1,13,51
2003,3239,unbreakable kimmy schmidt: kimmy vs the reverend,3,15,13,66
2004,3240,the new scooby-doo movies,0,12,15,16
2005,3241,forhøret,5,0,13,1
2006,3242,the lady from shanghai,5,0,4,94
2007,3243,affliction,4,13,8,6
2008,3244,death warrant,1,1,13,73
2009,3245,county line: all in,1,1,13,73
2010,3246,the event,5,0,13,1
2011,3247,les aventures extraordinaires d'adèle blanc-sec,1,12,15,57
2012,3248,rubí,3,0,2,24
2013,3249,hidden palms,4,13,14,2
2014,3250,prescription: murder,5,0,13,1
2015,3251,the ninth configuration,12,0,3,28
2016,3252,the bygone,5,0,13,1
2017,3253,the deceived,4,13,8,6
2018,3254,hekimoglu,12,0,13,7
2019,3255,one summer,4,13,14,2
2020,3256,tower of god,0,7,12,15
2021,3257,la edad de la ira,4,13,8,6
2022,3258,invasion,4,3,13,13
2023,3259,munemoshune no musume tachi,0,7,0,20
2024,3261,quantum break,1,13,18,9
2025,3262,girls nite out,10,13,8,4
2026,3263,penn &amp; teller: fool us,12,8,13,18
2027,3264,talespin,0,7,12,15
2028,3266,memories of a murderer: the nilsen tapes,2,11,1,47
2029,3267,rumpole of the bailey,5,0,13,1
2030,3268,the ghost and mrs. muir,12,0,10,27
2031,3269,meander,4,3,13,13
2032,3270,the wolf man,10,13,14,91
2033,3271,seules les bêtes,5,0,13,1
2034,3272,haseen dillruba,5,0,13,1
2035,3273,between,4,13,18,17
2036,3274,sleuth,5,0,13,1
2037,3275,the victim,5,0,13,1
2038,3276,eye candy,5,0,3,33
2039,3277,body cam,1,12,1,50
2040,3278,la sorella di ursula,4,3,13,13
2041,3279,psycho iii,10,13,8,4
2042,3280,wild things: foursome,5,0,13,1
2043,3281,remember me,4,3,13,13
2044,3282,new rose hotel,4,13,18,17
2045,3283,julieta,4,13,14,2
2046,3284,little joe,4,3,13,13
2047,3285,the nile hilton incident,5,0,13,1
2048,3286,an inspector calls,5,0,13,1
2049,3287,"perpetual grace, ltd",12,1,0,5
2050,3288,message from the king,1,1,0,3
2051,3290,atlas shrugged: part i,4,13,18,17
2052,3291,andra sidan,10,13,8,4
2053,3292,the dark half,10,13,8,4
2054,3293,a wife's nightmare,5,0,3,33
2055,3294,m.i.high,1,15,1,19
2056,3295,housebound,12,3,13,36
2057,3296,ghostwriter,9,9,13,87
2058,3297,the dare,10,13,8,4
2059,3299,the other me,4,13,8,6
2060,3300,life is strange,4,13,18,17
2061,3301,tandem,5,0,13,1
2062,3302,cyberchase,0,17,12,23
2063,3303,whiteout,1,1,13,73
2064,3304,pipa,5,0,13,1
2065,3305,animal,1,12,0,0
2066,3306,ufo,2,5,13,84
2067,3307,perry mason returns,5,0,13,1
2068,3308,lincoln rhyme: hunt for the bone collector,5,0,13,1
2069,3310,"farewell, my lovely",5,13,8,49
2070,3311,the mysteries of laura,12,1,13,51
2071,3312,lost horizon,3,0,10,43
2072,3313,without a clue,12,1,13,51
2073,3314,cube 2: hypercube,4,3,13,13
2074,3315,odd taxi,0,15,1,19
2075,3316,he's not worth dying for,5,0,13,1
2076,3317,i am the pretty thing that lives in the house,4,3,13,13
2077,3318,descendants: the royal wedding,0,17,9,67
2078,3319,white noise,4,3,13,13
2079,3320,darker than black: kuro no keiyakusha,0,7,0,20
2080,3321,the adventures of young indiana jones,1,12,2,81
2081,3322,sisters,10,13,8,4
2082,3323,remember,4,13,8,6
2083,3324,diqiu zuihou de yewan,4,13,14,2
2084,3325,uncharted: the lost legacy,1,12,13,34
2085,3326,darkwing duck,0,7,12,15
2086,3327,the man who laughs,4,3,13,13
2087,3328,untitled alien prequel,4,3,13,13
2088,3329,dak mo mai sing,1,15,1,19
2089,3330,halo infinite,1,12,13,34
2090,3331,casa d'appuntamento,10,13,8,4
2091,3332,the cleansing hour,4,9,3,12
2092,3333,the harvest,4,13,8,6
2093,3334,vegas,1,1,0,3
2094,3335,a wednesday,1,1,0,3
2095,3336,a tale of love and darkness,13,0,5,52
2096,3337,wer,1,3,13,8
2097,3338,case histories,5,0,13,1
2098,3339,the mob doctor,5,0,13,1
2099,3340,neverwhere,3,15,0,41
2100,3341,infinity pool,10,13,18,11
2101,3342,criminal justice,5,0,13,1
2102,3343,death ship,3,3,13,75
2103,3344,the night flier,6,3,13,64
2104,3345,losing control,7,14,8,25
2105,3346,dark encounter,7,18,8,29
2106,3347,the mephisto waltz,10,13,8,4
2107,3348,the barefoot contessa,5,0,13,1
2108,3349,going postal,3,15,10,54
2109,3350,flesh and blood,5,0,13,1
2110,3351,gotcha!,1,15,13,58
2111,3352,thorne: sleepyhead,5,0,13,1
2112,3353,harper,5,0,13,1
2113,3354,prime suspect 3,5,0,13,1
2114,3356,meurtres à...,5,0,13,1
2115,3357,the banishing,10,13,8,4
2116,3359,missing,13,0,5,52
2117,3360,talaash,5,0,13,1
2118,3361,mob city,5,0,13,1
2119,3362,baskin,5,0,10,22
2120,3363,demon house,2,3,13,8
2121,3364,los ojos de julia,10,13,8,4
2122,3365,warehouse 13: grand designs,12,0,13,7
2123,3366,al filo del hacha,10,13,8,4
2124,3367,schizoid,4,3,13,13
2125,3368,the beast,1,1,0,3
2126,3369,distancia de rescate,4,3,13,13
2127,3370,deceived,5,0,13,1
2128,3371,fairytale: a true story,4,2,10,40
2129,3373,"finding your roots with henry louis gates, jr.",2,11,5,99
2130,3374,masum,5,0,13,1
2131,3375,a field in england,4,5,13,55
2132,3376,the operative,1,0,13,21
2133,3377,the in crowd,4,13,8,6
2134,3378,mahô tsukai no yome,0,0,10,71
2135,3379,killers anonymous,1,1,13,73
2136,3380,rh project,2,1,5,74
2137,3381,the smiling ghost,12,13,14,31
2138,3382,baccano!,0,7,12,15
2139,3383,harry's law,12,1,0,5
2140,3384,every secret thing,5,0,13,1
2141,3385,jessabelle,4,3,13,13
2142,3386,the tashkent files,4,13,8,6
2143,3387,batman: gotham by gaslight,0,7,12,15
2144,3388,planetarium,4,9,13,14
2145,3389,hetty wainthropp investigates,12,1,0,5
2146,3390,the three burials of melquiades estrada,3,1,0,85
2147,3391,beyond,4,9,13,14
2148,3392,pretty maids all in a row,12,1,13,51
2149,3393,ano hi mita hana no namae o bokutachi wa mada shiranai.,0,12,0,96
2150,3394,manhattan nocturne,5,0,13,1
2151,3395,the lone gunmen,12,0,13,7
2152,3396,pandemonium,12,3,13,36
2153,3397,el tiempo entre costuras,3,0,5,74
2154,3398,la isla mínima,1,1,13,73
2155,3399,non uccidere,5,0,13,1
2156,3400,pokot,5,0,13,1
2157,3401,lady of burlesque,12,10,13,18
2158,3402,siempre fui yo,4,16,13,66
2159,3403,fletch lives,12,1,13,51
2160,3404,opera,5,3,13,37
2161,3405,agent sai srinivasa athreya,12,1,13,51
2162,3406,the moon-spinners,3,2,13,75
2163,3407,the edge of night,5,0,13,1
2164,3408,the flemish bandits,3,0,5,74
2165,3409,buster's mal heart,5,0,13,1
2166,3410,the gourmet detective,5,0,13,1
2167,3411,the triangle,1,12,0,0
2168,3412,siren,10,13,8,4
2169,3413,batman: the dark knight returns,0,7,1,70
2170,3414,jo,5,0,13,1
2171,3415,dream lover,4,13,8,6
2172,3416,the motive,2,1,13,59
2173,3417,sorjonen: muraalimurhat,5,0,13,1
2174,3418,the limey,5,0,13,1
2175,3419,darwin's game,0,7,0,20
2176,3420,scooby-doo and the witch's ghost,0,15,2,19
2177,3421,le procès,4,13,8,6
2178,3422,deathtrap,12,1,13,51
2179,3423,thriller,5,0,10,22
2180,3424,trese,0,7,12,15
2181,3425,"mira, royal detective",0,17,12,23
2182,3426,glass house: the good mother,5,0,3,33
2183,3427,it's such a beautiful day,0,15,0,86
2184,3428,saving zoë,5,0,13,1
2185,3429,los enviados,10,13,8,4
2186,3430,an amish murder,4,13,8,6
2187,3431,cruella 2,3,15,1,89
2188,3432,the sailor who fell from grace with the sea,4,13,8,6
2189,3433,witchboard,10,13,8,4
2190,3434,mosaic,5,0,13,1
2191,3436,great expectations,3,0,13,39
2192,3438,the harbinger,10,13,8,4
2193,3439,the haunting in connecticut 2: ghosts of georgia,4,3,13,13
2194,3440,suspects,5,0,13,1
2195,3441,la ragazza nella nebbia,5,0,13,1
2196,3443,lockwood &amp; co,1,12,0,0
2197,3444,her alibi,12,1,13,51
2198,3445,nal nokyeojuo,12,0,13,7
2199,3446,maskineriet,1,13,8,30
2200,3447,the dead girl,5,0,13,1
2201,3448,ask the storybots,0,12,15,16
2202,3449,foreign intrigue,5,0,13,1
2203,3450,star wars jedi: survivor,1,12,0,0
2204,3451,the invisible,5,0,10,22
2205,3452,echoes,4,13,8,6
2206,3453,haunter,6,3,13,64
2207,3454,el barco,3,0,13,39
2208,3455,beloved,4,5,3,61
2209,3456,vanpaia naito,0,7,0,20
2210,3457,recalled,4,13,8,6
2211,3458,murphy's law,5,0,13,1
2212,3460,kiri,5,0,13,1
2213,3461,svengoolie,12,0,3,28
2214,3462,tom à la ferme,4,13,8,6
2215,3463,mass effect: andromeda,1,12,13,34
2216,3464,nancy drew and the hidden staircase,12,1,0,5
2217,3465,they,10,13,8,4
2218,3466,los ritos sexuales del diablo,4,3,13,13
2219,3469,she dies tomorrow,4,9,3,12
2220,3471,cherry falls,10,13,8,4
2221,3472,naboer,10,13,8,4
2222,3473,mieruko-chan,0,15,10,67
2223,3474,damien,4,3,13,13
2224,3475,before and after,5,0,13,1
2225,3476,skinwalkers: the navajo mysteries,5,0,13,1
2226,3477,the other man,4,13,8,6
2227,3478,higurashi no naku koro ni,0,0,3,38
2228,3479,stolen lives,5,0,13,1
